GEOCODE,CATEG_ID,LEVEL_1,LEVEL_2,LEVEL_3,LEVEL_4,NAME_STD,SOURCE,VERSION,FEATURE_ID,NAME,CATEG_NAME,area_total,area_intersectada,porcentaje_amazonia,pixeles,pixeles_bosque_inicial,porcentaje_bosque_inicial
211209,95,Perú,Puno,Sandia,Alto Inambari,"LEVEL_4,LEVEL_3,LEVEL_2,LEVEL_1",INEI,2023,215,[Alto Inambari][Sandia][Puno][Perú],POLITICAL_LEVEL_4,1372072856.6538718,1369783463.755547,0.9983314348890278,1569296,1361439,0.867547613707038
080912,95,Perú,Cusco,La Convencion,Villa Virgen,"LEVEL_4,LEVEL_3,LEVEL_2,LEVEL_1",INEI,2023,393,[Villa Virgen][La Convencion][Cusco][Perú],POLITICAL_LEVEL_4,439021620.0193437,433306679.1495738,0.9869825525460043,499962,437577,0.8752205167592737
080914,95,Perú,Cusco,La Convencion,Megantoni,"LEVEL_4,LEVEL_3,LEVEL_2,LEVEL_1",INEI,2023,430,[Megantoni][La Convencion][Cusco][Perú],POLITICAL_LEVEL_4,10713824737.32827,10713824737.328304,1.000000000000003,12241310,11995393,0.9799108918898386
080904,95,Perú,Cusco,La Convencion,Maranura,"LEVEL_4,LEVEL_3,LEVEL_2,LEVEL_1",INEI,2023,433,[Maranura][La Convencion][Cusco][Perú],POLITICAL_LEVEL_4,164746848.4574647,164746848.45746455,0.9999999999999991,190329,108675,0.5709849786422458
080906,95,Perú,Cusco,La Convencion,Quellouno,"LEVEL_4,LEVEL_3,LEVEL_2,LEVEL_1",INEI,2023,435,[Quellouno][La Convencion][Cusco][Perú],POLITICAL_LEVEL_4,1966819955.9098685,1924902216.460147,0.978687556365407,2207594,1688605,0.7649074059813534
080907,95,Perú,Cusco,La Convencion,Kimbiri,"LEVEL_4,LEVEL_3,LEVEL_2,LEVEL_1",INEI,2023,437,[Kimbiri][La Convencion][Cusco][Perú],POLITICAL_LEVEL_4,541390405.8971099,541390405.8971103,1.0000000000000009,623183,494681,0.7937973275907719
050409,95,Perú,Ayacucho,Huanta,Canayre,"LEVEL_4,LEVEL_3,LEVEL_2,LEVEL_1",INEI,2023,478,[Canayre][Huanta][Ayacucho][Perú],POLITICAL_LEVEL_4,269027344.67423767,269027344.67423743,0.9999999999999991,310183,263293,0.8488311738554337
170102,95,Perú,Madre De Dios,Tambopata,Inambari,"LEVEL_4,LEVEL_3,LEVEL_2,LEVEL_1",INEI,2023,633,[Inambari][Tambopata][Madre De Dios][Perú],POLITICAL_LEVEL_4,4881604869.792276,4881604869.792273,0.9999999999999992,5571038,5232206,0.9391797363435683
170204,95,Perú,Madre De Dios,Manu,Huepetuhe,"LEVEL_4,LEVEL_3,LEVEL_2,LEVEL_1",INEI,2023,634,[Huepetuhe][Manu][Madre De Dios][Perú],POLITICAL_LEVEL_4,1530434373.5300672,1530434373.5300612,0.9999999999999961,1753612,1646401,0.9388627586946258
170201,95,Perú,Madre De Dios,Manu,Manu,"LEVEL_4,LEVEL_3,LEVEL_2,LEVEL_1",INEI,2023,635,[Manu][Manu][Madre De Dios][Perú],POLITICAL_LEVEL_4,8718108137.19352,8660764223.94612,0.9934224361128583,9897981,9636094,0.9735413717201519
170104,95,Perú,Madre De Dios,Tambopata,Laberinto,"LEVEL_4,LEVEL_3,LEVEL_2,LEVEL_1",INEI,2023,636,[Laberinto][Tambopata][Madre De Dios][Perú],POLITICAL_LEVEL_4,2695749702.7661557,2695749702.766176,1.0000000000000075,3077704,2903505,0.9433996901586378
170203,95,Perú,Madre De Dios,Manu,Madre De Dios,"LEVEL_4,LEVEL_3,LEVEL_2,LEVEL_1",INEI,2023,637,[Madre De Dios][Manu][Madre De Dios][Perú],POLITICAL_LEVEL_4,7882613907.518273,7882559683.768027,0.9999931210952506,9003627,8723027,0.9688347818051547
170202,95,Perú,Madre De Dios,Manu,Fitzcarrald,"LEVEL_4,LEVEL_3,LEVEL_2,LEVEL_1",INEI,2023,638,[Fitzcarrald][Manu][Madre De Dios][Perú],POLITICAL_LEVEL_4,10684370669.795631,10684370669.795605,0.9999999999999974,12197148,12033088,0.9865493146430625
170302,95,Perú,Madre De Dios,Tahuamanu,Iberia,"LEVEL_4,LEVEL_3,LEVEL_2,LEVEL_1",INEI,2023,639,[Iberia][Tahuamanu][Madre De Dios][Perú],POLITICAL_LEVEL_4,2603983673.5084133,2603983673.5084133,1.0,2953466,2858871,0.9679715290441806
120602,95,Perú,Junin,Satipo,Coviriali,"LEVEL_4,LEVEL_3,LEVEL_2,LEVEL_1",INEI,2023,666,[Coviriali][Satipo][Junin][Perú],POLITICAL_LEVEL_4,97540630.3928961,97540630.39289616,1.0000000000000007,112222,59475,0.5299762969827663
010512,95,Perú,Amazonas,Luya,Ocalli,"LEVEL_4,LEVEL_3,LEVEL_2,LEVEL_1",INEI,2023,723,[Ocalli][Luya][Amazonas][Perú],POLITICAL_LEVEL_4,172277723.49343395,165345039.67707267,0.9597586752611953,187035,145853,0.7798166118640896
010114,95,Perú,Amazonas,Chachapoyas,Molinopampa,"LEVEL_4,LEVEL_3,LEVEL_2,LEVEL_1",INEI,2023,726,[Molinopampa][Chachapoyas][Amazonas][Perú],POLITICAL_LEVEL_4,340620093.61502165,340620093.61502033,0.9999999999999961,384895,227556,0.5912157861234882
010612,95,Perú,Amazonas,Rodriguez De Mendoza,Vista Alegre,"LEVEL_4,LEVEL_3,LEVEL_2,LEVEL_1",INEI,2023,731,[Vista Alegre][Rodriguez De Mendoza][Amazonas][Perú],POLITICAL_LEVEL_4,862001561.7495693,862001561.7495704,1.0000000000000013,972296,855766,0.8801496663567473
080902,95,Perú,Cusco,La Convencion,Echarate,"LEVEL_4,LEVEL_3,LEVEL_2,LEVEL_1",INEI,2023,768,[Echarate][La Convencion][Cusco][Perú],POLITICAL_LEVEL_4,7603557830.337305,7440764205.265009,0.9785898090466586,8531165,7832432,0.9180964147335094
080913,95,Perú,Cusco,La Convencion,Villa Kintiarina,"LEVEL_4,LEVEL_3,LEVEL_2,LEVEL_1",INEI,2023,772,[Villa Kintiarina][La Convencion][Cusco][Perú],POLITICAL_LEVEL_4,198783271.73775542,198783271.73775578,1.0000000000000018,229881,213660,0.9294374045701906
120609,95,Perú,Junin,Satipo,Vizcatán Del Ene,"LEVEL_4,LEVEL_3,LEVEL_2,LEVEL_1",INEI,2023,775,[Vizcatán Del Ene][Satipo][Junin][Perú],POLITICAL_LEVEL_4,607247698.8730624,607247698.873063,1.0000000000000009,698173,629925,0.9022477237017186
080915,95,Perú,Cusco,La Convencion,Kumpirushiato,"LEVEL_4,LEVEL_3,LEVEL_2,LEVEL_1",INEI,2023,785,[Kumpirushiato][La Convencion][Cusco][Perú],POLITICAL_LEVEL_4,2940430285.243077,2940430285.243074,0.999999999999999,3374223,3053840,0.9050498440678046
080916,95,Perú,Cusco,La Convencion,Cielo Punco,"LEVEL_4,LEVEL_3,LEVEL_2,LEVEL_1",INEI,2023,786,[Cielo Punco][La Convencion][Cusco][Perú],POLITICAL_LEVEL_4,102230534.68651511,102230534.68651502,0.9999999999999991,118237,106704,0.9024586212437731
080917,95,Perú,Cusco,La Convencion,Manitea,"LEVEL_4,LEVEL_3,LEVEL_2,LEVEL_1",INEI,2023,787,[Manitea][La Convencion][Cusco][Perú],POLITICAL_LEVEL_4,142642207.6724367,142642207.67243674,1.0000000000000002,164812,143595,0.8712654418367595
080918,95,Perú,Cusco,La Convencion,Union Ashaninka,"LEVEL_4,LEVEL_3,LEVEL_2,LEVEL_1",INEI,2023,791,[Union Ashaninka][La Convencion][Cusco][Perú],POLITICAL_LEVEL_4,307048345.84105295,307048345.84105295,1.0,353320,314648,0.8905468130872863
100901,95,Perú,Huanuco,Puerto Inca,Puerto Inca,"LEVEL_4,LEVEL_3,LEVEL_2,LEVEL_1",INEI,2023,812,[Puerto Inca][Puerto Inca][Huanuco][Perú],POLITICAL_LEVEL_4,2389430614.447738,2389430614.447742,1.0000000000000016,2715919,2513978,0.9256454260970228
100902,95,Perú,Huanuco,Puerto Inca,Codo Del Pozuzo,"LEVEL_4,LEVEL_3,LEVEL_2,LEVEL_1",INEI,2023,813,[Codo Del Pozuzo][Puerto Inca][Huanuco][Perú],POLITICAL_LEVEL_4,3221259969.0701475,3221259969.070142,0.9999999999999982,3661868,3389114,0.9255150649886889
220703,95,Perú,San Martin,Picota,Caspisapa,"LEVEL_4,LEVEL_3,LEVEL_2,LEVEL_1",INEI,2023,829,[Caspisapa][Picota][San Martin][Perú],POLITICAL_LEVEL_4,76012179.64167611,76012179.64167607,0.9999999999999994,86482,50126,0.5796119423695104
220202,95,Perú,San Martin,Bellavista,Alto Biavo,"LEVEL_4,LEVEL_3,LEVEL_2,LEVEL_1",INEI,2023,830,[Alto Biavo][Bellavista][San Martin][Perú],POLITICAL_LEVEL_4,5956587471.198889,5956587471.198892,1.0000000000000004,6735408,6536287,0.9704366832714514
220913,95,Perú,San Martin,San Martin,Sauce,"LEVEL_4,LEVEL_3,LEVEL_2,LEVEL_1",INEI,2023,837,[Sauce][San Martin][San Martin][Perú],POLITICAL_LEVEL_4,100795806.58189286,100795806.58189294,1.0000000000000007,114615,70698,0.6168302578196572
100802,95,Perú,Huanuco,Pachitea,Chaglla,"LEVEL_4,LEVEL_3,LEVEL_2,LEVEL_1",INEI,2023,845,[Chaglla][Pachitea][Huanuco][Perú],POLITICAL_LEVEL_4,1077987001.0626602,1060060188.88864,0.9833701035760651,1208886,981971,0.8122941286440574
100602,95,Perú,Huanuco,Leoncio Prado,Daniel Alomia Robles,"LEVEL_4,LEVEL_3,LEVEL_2,LEVEL_1",INEI,2023,853,[Daniel Alomia Robles][Leoncio Prado][Huanuco][Perú],POLITICAL_LEVEL_4,539827954.644965,539827954.6449641,0.9999999999999982,615852,542027,0.8801254197437046
100903,95,Perú,Huanuco,Puerto Inca,Honoria,"LEVEL_4,LEVEL_3,LEVEL_2,LEVEL_1",INEI,2023,867,[Honoria][Puerto Inca][Huanuco][Perú],POLITICAL_LEVEL_4,948542425.8598349,948542425.8598348,0.9999999999999999,1077000,875677,0.8130705663881151
100904,95,Perú,Huanuco,Puerto Inca,Tournavista,"LEVEL_4,LEVEL_3,LEVEL_2,LEVEL_1",INEI,2023,868,[Tournavista][Puerto Inca][Huanuco][Perú],POLITICAL_LEVEL_4,1739561077.7174184,1739561077.7174184,1.0,1977045,1807857,0.9144237991547992
120304,95,Perú,Junin,Chanchamayo,San Luis De Shuaro,"LEVEL_4,LEVEL_3,LEVEL_2,LEVEL_1",INEI,2023,869,[San Luis De Shuaro][Chanchamayo][Junin][Perú],POLITICAL_LEVEL_4,192351189.46764255,192351189.46764275,1.000000000000001,221016,133614,0.6045444673688782
100905,95,Perú,Huanuco,Puerto Inca,Yuyapichis,"LEVEL_4,LEVEL_3,LEVEL_2,LEVEL_1",INEI,2023,872,[Yuyapichis][Puerto Inca][Huanuco][Perú],POLITICAL_LEVEL_4,2065080020.7990987,2065080020.7991025,1.0000000000000018,2349624,2220366,0.9449877937916875
160602,95,Perú,Loreto,Ucayali,Inahuaya,"LEVEL_4,LEVEL_3,LEVEL_2,LEVEL_1",INEI,2023,873,[Inahuaya][Ucayali][Loreto][Perú],POLITICAL_LEVEL_4,629696111.0584793,629696111.0584798,1.0000000000000007,712804,637244,0.8939961055212934
160603,95,Perú,Loreto,Ucayali,Padre Marquez,"LEVEL_4,LEVEL_3,LEVEL_2,LEVEL_1",INEI,2023,874,[Padre Marquez][Ucayali][Loreto][Perú],POLITICAL_LEVEL_4,2434919583.357678,2434919583.3576756,0.999999999999999,2758153,2447892,0.8875113164498126
221005,95,Perú,San Martin,Tocache,Uchiza,"LEVEL_4,LEVEL_3,LEVEL_2,LEVEL_1",INEI,2023,886,[Uchiza][Tocache][San Martin][Perú],POLITICAL_LEVEL_4,603456960.1830437,598948905.2683191,0.9925296165059441,681350,364012,0.5342511191017832
221002,95,Perú,San Martin,Tocache,Nuevo Progreso,"LEVEL_4,LEVEL_3,LEVEL_2,LEVEL_1",INEI,2023,888,[Nuevo Progreso][Tocache][San Martin][Perú],POLITICAL_LEVEL_4,824643371.0375614,824643371.0375612,0.9999999999999997,936488,646500,0.6903452046368987
221003,95,Perú,San Martin,Tocache,Polvora,"LEVEL_4,LEVEL_3,LEVEL_2,LEVEL_1",INEI,2023,890,[Polvora][Tocache][San Martin][Perú],POLITICAL_LEVEL_4,2263468988.2299433,2233119075.6929593,0.9865914166729017,2529083,2106599,0.8329497292101524
220602,95,Perú,San Martin,Mariscal Caceres,Campanilla,"LEVEL_4,LEVEL_3,LEVEL_2,LEVEL_1",INEI,2023,891,[Campanilla][Mariscal Caceres][San Martin][Perú],POLITICAL_LEVEL_4,1810074336.780679,1810074336.780683,1.0000000000000022,2046898,1874299,0.9156777719261048
220605,95,Perú,San Martin,Mariscal Caceres,Pajarillo,"LEVEL_4,LEVEL_3,LEVEL_2,LEVEL_1",INEI,2023,892,[Pajarillo][Mariscal Caceres][San Martin][Perú],POLITICAL_LEVEL_4,454315143.48834294,454315143.48834234,0.9999999999999987,515197,299924,0.5821540109899708
220204,95,Perú,San Martin,Bellavista,Huallaga,"LEVEL_4,LEVEL_3,LEVEL_2,LEVEL_1",INEI,2023,894,[Huallaga][Bellavista][San Martin][Perú],POLITICAL_LEVEL_4,256294890.4614644,256294890.4614645,1.0000000000000004,292223,238561,0.8163662682266625
220203,95,Perú,San Martin,Bellavista,Bajo Biavo,"LEVEL_4,LEVEL_3,LEVEL_2,LEVEL_1",INEI,2023,895,[Bajo Biavo][Bellavista][San Martin][Perú],POLITICAL_LEVEL_4,1122106368.4966567,1122106368.4966564,0.9999999999999998,1269186,1054708,0.8310113726435684
220405,95,Perú,San Martin,Huallaga,Sacanche,"LEVEL_4,LEVEL_3,LEVEL_2,LEVEL_1",INEI,2023,897,[Sacanche][Huallaga][San Martin][Perú],POLITICAL_LEVEL_4,161729743.26145104,161729743.2614511,1.0000000000000004,183740,93947,0.5113040165451181
220403,95,Perú,San Martin,Huallaga,El Eslabon,"LEVEL_4,LEVEL_3,LEVEL_2,LEVEL_1",INEI,2023,901,[El Eslabon][Huallaga][San Martin][Perú],POLITICAL_LEVEL_4,124656136.55236387,124656136.5523639,1.0000000000000002,141590,60817,0.4295289215340066
220404,95,Perú,San Martin,Huallaga,Piscoyacu,"LEVEL_4,LEVEL_3,LEVEL_2,LEVEL_1",INEI,2023,903,[Piscoyacu][Huallaga][San Martin][Perú],POLITICAL_LEVEL_4,179751458.90612787,179751458.90612793,1.0000000000000002,204051,133950,0.6564535336754047
220707,95,Perú,San Martin,Picota,San Hilarion,"LEVEL_4,LEVEL_3,LEVEL_2,LEVEL_1",INEI,2023,904,[San Hilarion][Picota][San Martin][Perú],POLITICAL_LEVEL_4,103963790.71012494,103963790.71012494,1.0,118744,63307,0.5331385164724113
220708,95,Perú,San Martin,Picota,Shamboyacu,"LEVEL_4,LEVEL_3,LEVEL_2,LEVEL_1",INEI,2023,906,[Shamboyacu][Picota][San Martin][Perú],POLITICAL_LEVEL_4,392298872.48932654,392298872.4893264,0.9999999999999997,444346,403021,0.906998150090245
220709,95,Perú,San Martin,Picota,Tingo De Ponasa,"LEVEL_4,LEVEL_3,LEVEL_2,LEVEL_1",INEI,2023,907,[Tingo De Ponasa][Picota][San Martin][Perú],POLITICAL_LEVEL_4,335197746.6456932,335197746.6456929,0.9999999999999991,379893,260310,0.6852192591071696
220701,95,Perú,San Martin,Picota,Picota,"LEVEL_4,LEVEL_3,LEVEL_2,LEVEL_1",INEI,2023,908,[Picota][Picota][San Martin][Perú],POLITICAL_LEVEL_4,217240958.738896,217240958.73889625,1.000000000000001,246335,134413,0.5456512472852011
190301,95,Perú,Pasco,Oxapampa,Oxapampa,"LEVEL_4,LEVEL_3,LEVEL_2,LEVEL_1",INEI,2023,909,[Oxapampa][Oxapampa][Pasco][Perú],POLITICAL_LEVEL_4,401887863.01468897,401887863.01468945,1.000000000000001,460602,343650,0.74608881420402
190307,95,Perú,Pasco,Oxapampa,Villa Rica,"LEVEL_4,LEVEL_3,LEVEL_2,LEVEL_1",INEI,2023,910,[Villa Rica][Oxapampa][Pasco][Perú],POLITICAL_LEVEL_4,822566711.6719195,822566711.671919,0.9999999999999994,940127,766014,0.8147984261700812
190305,95,Perú,Pasco,Oxapampa,Pozuzo,"LEVEL_4,LEVEL_3,LEVEL_2,LEVEL_1",INEI,2023,913,[Pozuzo][Oxapampa][Pasco][Perú],POLITICAL_LEVEL_4,716079074.8858547,716079074.8858552,1.0000000000000007,816687,643292,0.7876848780499751
190308,95,Perú,Pasco,Oxapampa,Constitucion,"LEVEL_4,LEVEL_3,LEVEL_2,LEVEL_1",INEI,2023,914,[Constitucion][Oxapampa][Pasco][Perú],POLITICAL_LEVEL_4,3050810388.585989,3050810388.585985,0.9999999999999988,3473383,3337691,0.9609337639989601
190304,95,Perú,Pasco,Oxapampa,Palcazu,"LEVEL_4,LEVEL_3,LEVEL_2,LEVEL_1",INEI,2023,915,[Palcazu][Oxapampa][Pasco][Perú],POLITICAL_LEVEL_4,2787574232.1471395,2787574232.1471424,1.000000000000001,3175297,2853704,0.8987203401760528
250203,95,Perú,Ucayali,Atalaya,Tahuania,"LEVEL_4,LEVEL_3,LEVEL_2,LEVEL_1",INEI,2023,958,[Tahuania][Atalaya][Ucayali][Perú],POLITICAL_LEVEL_4,7672003938.416737,7672003938.416777,1.0000000000000053,8722163,8097496,0.9283816411135632
250103,95,Perú,Ucayali,Coronel Portillo,Iparia,"LEVEL_4,LEVEL_3,LEVEL_2,LEVEL_1",INEI,2023,959,[Iparia][Coronel Portillo][Ucayali][Perú],POLITICAL_LEVEL_4,7368483783.638119,7368483783.638136,1.0000000000000022,8371366,7134798,0.8522859949021462
250305,95,Perú,Ucayali,Padre Abad,Alexander Von Humboldt,"LEVEL_4,LEVEL_3,LEVEL_2,LEVEL_1",INEI,2023,960,[Alexander Von Humboldt][Padre Abad][Ucayali][Perú],POLITICAL_LEVEL_4,205125939.99026644,205125939.99026653,1.0000000000000004,233948,182304,0.7792500897635372
250302,95,Perú,Ucayali,Padre Abad,Irazola,"LEVEL_4,LEVEL_3,LEVEL_2,LEVEL_1",INEI,2023,961,[Irazola][Padre Abad][Ucayali][Perú],POLITICAL_LEVEL_4,1876850949.6375284,1876850949.6375291,1.0000000000000004,2131944,1999553,0.937901276956618
250304,95,Perú,Ucayali,Padre Abad,Neshuya,"LEVEL_4,LEVEL_3,LEVEL_2,LEVEL_1",INEI,2023,962,[Neshuya][Padre Abad][Ucayali][Perú],POLITICAL_LEVEL_4,623370244.1602973,623370244.1602986,1.000000000000002,708970,614820,0.8672017151642524
250303,95,Perú,Ucayali,Padre Abad,Curimana,"LEVEL_4,LEVEL_3,LEVEL_2,LEVEL_1",INEI,2023,963,[Curimana][Padre Abad][Ucayali][Perú],POLITICAL_LEVEL_4,1877650983.769894,1877650983.769891,0.9999999999999984,2130961,2050379,0.9621851361897285
250106,95,Perú,Ucayali,Coronel Portillo,Nueva Requena,"LEVEL_4,LEVEL_3,LEVEL_2,LEVEL_1",INEI,2023,969,[Nueva Requena][Coronel Portillo][Ucayali][Perú],POLITICAL_LEVEL_4,2059982910.9367137,2059982910.9367082,0.9999999999999973,2335288,2115337,0.9058141865157531
220301,95,Perú,San Martin,El Dorado,San Jose De Sisa,"LEVEL_4,LEVEL_3,LEVEL_2,LEVEL_1",INEI,2023,970,[San Jose De Sisa][El Dorado][San Martin][Perú],POLITICAL_LEVEL_4,308508798.35909647,308508798.35909593,0.9999999999999982,349155,182843,0.5236728673511765
220802,95,Perú,San Martin,Rioja,Awajun,"LEVEL_4,LEVEL_3,LEVEL_2,LEVEL_1",INEI,2023,1005,[Awajun][Rioja][San Martin][Perú],POLITICAL_LEVEL_4,506890027.9879185,506890027.9879191,1.000000000000001,573322,485275,0.8464266154098395
220805,95,Perú,San Martin,Rioja,Pardo Miguel,"LEVEL_4,LEVEL_3,LEVEL_2,LEVEL_1",INEI,2023,1006,[Pardo Miguel][Rioja][San Martin][Perú],POLITICAL_LEVEL_4,1167024024.9753735,1167024024.975375,1.0000000000000013,1314941,1192086,0.906569952568214
060811,95,Perú,Cajamarca,Jaen,San Jose Del Alto,"LEVEL_4,LEVEL_3,LEVEL_2,LEVEL_1",INEI,2023,1021,[San Jose Del Alto][Jaen][Cajamarca][Perú],POLITICAL_LEVEL_4,506202260.8744123,506202260.87441325,1.0000000000000018,568865,337038,0.5924744886748174
060803,95,Perú,Cajamarca,Jaen,Chontali,"LEVEL_4,LEVEL_3,LEVEL_2,LEVEL_1",INEI,2023,1022,[Chontali][Jaen][Cajamarca][Perú],POLITICAL_LEVEL_4,464289212.7456984,464289212.74569774,0.9999999999999986,521791,293025,0.5615754200436573
010518,95,Perú,Amazonas,Luya,San Jeronimo,"LEVEL_4,LEVEL_3,LEVEL_2,LEVEL_1",INEI,2023,1054,[San Jeronimo][Luya][Amazonas][Perú],POLITICAL_LEVEL_4,208207220.25177407,208207220.25177416,1.0000000000000004,235689,109751,0.4656602556759119
010116,95,Perú,Amazonas,Chachapoyas,Olleros,"LEVEL_4,LEVEL_3,LEVEL_2,LEVEL_1",INEI,2023,1056,[Olleros][Chachapoyas][Amazonas][Perú],POLITICAL_LEVEL_4,106893082.7463009,106893082.74630055,0.9999999999999967,121131,64508,0.5325474073523706
010202,95,Perú,Amazonas,Bagua,Aramango,"LEVEL_4,LEVEL_3,LEVEL_2,LEVEL_1",INEI,2023,1061,[Aramango][Bagua][Amazonas][Perú],POLITICAL_LEVEL_4,773814072.3197027,771077029.1190666,0.9964629188088668,867327,716698,0.8263296311541091
160605,95,Perú,Loreto,Ucayali,Sarayacu,"LEVEL_4,LEVEL_3,LEVEL_2,LEVEL_1",INEI,2023,1065,[Sarayacu][Ucayali][Loreto][Perú],POLITICAL_LEVEL_4,6244458373.525999,6244458373.525995,0.9999999999999993,7042529,6292073,0.8934394164369078
160606,95,Perú,Loreto,Ucayali,Vargas Guerra,"LEVEL_4,LEVEL_3,LEVEL_2,LEVEL_1",INEI,2023,1066,[Vargas Guerra][Ucayali][Loreto][Perú],POLITICAL_LEVEL_4,1896753597.438103,1896753597.4381082,1.0000000000000027,2144959,1931615,0.9005370265818601
160701,95,Perú,Loreto,Datem Del Marañon,Barranca,"LEVEL_4,LEVEL_3,LEVEL_2,LEVEL_1",INEI,2023,1067,[Barranca][Datem Del Marañon][Loreto][Perú],POLITICAL_LEVEL_4,7390874928.637886,7390874928.637876,0.9999999999999986,8311275,7628629,0.9178650688372121
160702,95,Perú,Loreto,Datem Del Marañon,Cahuapanas,"LEVEL_4,LEVEL_3,LEVEL_2,LEVEL_1",INEI,2023,1068,[Cahuapanas][Datem Del Marañon][Loreto][Perú],POLITICAL_LEVEL_4,4785702362.475399,4785702362.475402,1.0000000000000007,5382284,4695951,0.872482945901777
160703,95,Perú,Loreto,Datem Del Marañon,Manseriche,"LEVEL_4,LEVEL_3,LEVEL_2,LEVEL_1",INEI,2023,1069,[Manseriche][Datem Del Marañon][Loreto][Perú],POLITICAL_LEVEL_4,3570043777.994548,3570043777.994547,0.9999999999999998,4009428,3826500,0.9543755368596218
160705,95,Perú,Loreto,Datem Del Marañon,Pastaza,"LEVEL_4,LEVEL_3,LEVEL_2,LEVEL_1",INEI,2023,1071,[Pastaza][Datem Del Marañon][Loreto][Perú],POLITICAL_LEVEL_4,9100182512.461355,9100182512.461338,0.9999999999999981,10223943,8276563,0.8095274983438385
220604,95,Perú,San Martin,Mariscal Caceres,Pachiza,"LEVEL_4,LEVEL_3,LEVEL_2,LEVEL_1",INEI,2023,1073,[Pachiza][Mariscal Caceres][San Martin][Perú],POLITICAL_LEVEL_4,1801319983.5283499,1801319983.5283582,1.0000000000000047,2034611,1898290,0.9329989860469643
220401,95,Perú,San Martin,Huallaga,Saposoa,"LEVEL_4,LEVEL_3,LEVEL_2,LEVEL_1",INEI,2023,1074,[Saposoa][Huallaga][San Martin][Perú],POLITICAL_LEVEL_4,525545539.4530059,525545539.4530072,1.0000000000000024,594851,442377,0.7436769880188484
100113,95,Perú,Huanuco,Huanuco,San Pablo De Pillao,"LEVEL_4,LEVEL_3,LEVEL_2,LEVEL_1",INEI,2023,1220,[San Pablo De Pillao][Huanuco][Huanuco][Perú],POLITICAL_LEVEL_4,592711987.6324431,592711987.6324426,0.9999999999999992,675194,485066,0.7184098199924762
100607,95,Perú,Huanuco,Leoncio Prado,Pucayacu,"LEVEL_4,LEVEL_3,LEVEL_2,LEVEL_1",INEI,2023,1221,[Pucayacu][Leoncio Prado][Huanuco][Perú],POLITICAL_LEVEL_4,761757817.6392325,761757817.6392305,0.9999999999999973,865873,726681,0.8392466331667577
100704,95,Perú,Huanuco,Marañon,La Morada,"LEVEL_4,LEVEL_3,LEVEL_2,LEVEL_1",INEI,2023,1222,[La Morada][Marañon][Huanuco][Perú],POLITICAL_LEVEL_4,906232832.9848464,906232832.9848455,0.9999999999999991,1030440,818698,0.7945130235627499
250202,95,Perú,Ucayali,Atalaya,Sepahua,"LEVEL_4,LEVEL_3,LEVEL_2,LEVEL_1",INEI,2023,1224,[Sepahua][Atalaya][Ucayali][Perú],POLITICAL_LEVEL_4,7737011857.838999,7737011857.838973,0.9999999999999967,8821731,8697500,0.9859176163952403
100609,95,Perú,Huanuco,Leoncio Prado,Pueblo Nuevo,"LEVEL_4,LEVEL_3,LEVEL_2,LEVEL_1",INEI,2023,1225,[Pueblo Nuevo][Leoncio Prado][Huanuco][Perú],POLITICAL_LEVEL_4,320125917.48681706,320125917.4868166,0.9999999999999986,365872,228786,0.6253170507718546
100610,95,Perú,Huanuco,Leoncio Prado,Santo Domingo De Anda,"LEVEL_4,LEVEL_3,LEVEL_2,LEVEL_1",INEI,2023,1226,[Santo Domingo De Anda][Leoncio Prado][Huanuco][Perú],POLITICAL_LEVEL_4,280612186.9749249,280612186.9749243,0.9999999999999979,319872,238837,0.7466642907162865
100603,95,Perú,Huanuco,Leoncio Prado,Hermilio Valdizan,"LEVEL_4,LEVEL_3,LEVEL_2,LEVEL_1",INEI,2023,1227,[Hermilio Valdizan][Leoncio Prado][Huanuco][Perú],POLITICAL_LEVEL_4,285553928.8342104,285553928.83421046,1.0000000000000002,326199,265665,0.8144261631703347
250306,95,Perú,Ucayali,Padre Abad,Huipoca,"LEVEL_4,LEVEL_3,LEVEL_2,LEVEL_1",INEI,2023,1228,[Huipoca][Padre Abad][Ucayali][Perú],POLITICAL_LEVEL_4,589717283.734072,589717283.7340732,1.000000000000002,671649,608667,0.9062278064882103
250307,95,Perú,Ucayali,Padre Abad,Boqueron,"LEVEL_4,LEVEL_3,LEVEL_2,LEVEL_1",INEI,2023,1229,[Boqueron][Padre Abad][Ucayali][Perú],POLITICAL_LEVEL_4,548764923.7701968,548764923.7701966,0.9999999999999996,624988,563680,0.9019053165820784
160604,95,Perú,Loreto,Ucayali,Pampa Hermosa,"LEVEL_4,LEVEL_3,LEVEL_2,LEVEL_1",INEI,2023,1230,[Pampa Hermosa][Ucayali][Loreto][Perú],POLITICAL_LEVEL_4,7471991314.098034,7471991314.098022,0.9999999999999984,8441682,8147840,0.9651915341042223
220912,95,Perú,San Martin,San Martin,San Antonio,"LEVEL_4,LEVEL_3,LEVEL_2,LEVEL_1",INEI,2023,1237,[San Antonio][San Martin][San Martin][Perú],POLITICAL_LEVEL_4,78287013.00237256,78287013.00237252,0.9999999999999994,89079,67687,0.7598536130850144
010115,95,Perú,Amazonas,Chachapoyas,Montevideo,"LEVEL_4,LEVEL_3,LEVEL_2,LEVEL_1",INEI,2023,1238,[Montevideo][Chachapoyas][Amazonas][Perú],POLITICAL_LEVEL_4,123139682.35904932,123139682.35904932,1.0,139737,90791,0.6497277027558914
010602,95,Perú,Amazonas,Rodriguez De Mendoza,Chirimoto,"LEVEL_4,LEVEL_3,LEVEL_2,LEVEL_1",INEI,2023,1243,[Chirimoto][Rodriguez De Mendoza][Amazonas][Perú],POLITICAL_LEVEL_4,153892456.70525,153892456.70524982,0.9999999999999989,174521,146731,0.8407641487270873
010109,95,Perú,Amazonas,Chachapoyas,La Jalca,"LEVEL_4,LEVEL_3,LEVEL_2,LEVEL_1",INEI,2023,1246,[La Jalca][Chachapoyas][Amazonas][Perú],POLITICAL_LEVEL_4,124196657.56240416,124196657.56240416,1.0,140726,57986,0.4120489461790998
010605,95,Perú,Amazonas,Rodriguez De Mendoza,Limabamba,"LEVEL_4,LEVEL_3,LEVEL_2,LEVEL_1",INEI,2023,1251,[Limabamba][Rodriguez De Mendoza][Amazonas][Perú],POLITICAL_LEVEL_4,615241090.1472087,615241090.1472095,1.0000000000000013,694890,614995,0.8850249679805436
010112,95,Perú,Amazonas,Chachapoyas,Magdalena,"LEVEL_4,LEVEL_3,LEVEL_2,LEVEL_1",INEI,2023,1255,[Magdalena][Chachapoyas][Amazonas][Perú],POLITICAL_LEVEL_4,135557832.03741276,135557832.03741306,1.0000000000000022,153609,68162,0.44373702061728154
010601,95,Perú,Amazonas,Rodriguez De Mendoza,San Nicolas,"LEVEL_4,LEVEL_3,LEVEL_2,LEVEL_1",INEI,2023,1257,[San Nicolas][Rodriguez De Mendoza][Amazonas][Perú],POLITICAL_LEVEL_4,102246911.44118232,102246911.44118226,0.9999999999999994,116128,79446,0.6841244144392394
010606,95,Perú,Amazonas,Rodriguez De Mendoza,Longar,"LEVEL_4,LEVEL_3,LEVEL_2,LEVEL_1",INEI,2023,1259,[Longar][Rodriguez De Mendoza][Amazonas][Perú],POLITICAL_LEVEL_4,82300739.25112578,82300739.25112587,1.000000000000001,93588,64963,0.6941381373680386
010119,95,Perú,Amazonas,Chachapoyas,San Isidro De Maino,"LEVEL_4,LEVEL_3,LEVEL_2,LEVEL_1",INEI,2023,1260,[San Isidro De Maino][Chachapoyas][Amazonas][Perú],POLITICAL_LEVEL_4,108084187.2040027,108084187.20400277,1.0000000000000007,122539,55513,0.45302311917022337
010609,95,Perú,Amazonas,Rodriguez De Mendoza,Omia,"LEVEL_4,LEVEL_3,LEVEL_2,LEVEL_1",INEI,2023,1261,[Omia][Rodriguez De Mendoza][Amazonas][Perú],POLITICAL_LEVEL_4,225282120.89515704,225282120.89515695,0.9999999999999996,254737,197863,0.7767344359084075
010603,95,Perú,Amazonas,Rodriguez De Mendoza,Cochamal,"LEVEL_4,LEVEL_3,LEVEL_2,LEVEL_1",INEI,2023,1264,[Cochamal][Rodriguez De Mendoza][Amazonas][Perú],POLITICAL_LEVEL_4,180946313.23914933,180946313.23914933,1.0,205140,173239,0.8444915667349128
010120,95,Perú,Amazonas,Chachapoyas,Soloco,"LEVEL_4,LEVEL_3,LEVEL_2,LEVEL_1",INEI,2023,1268,[Soloco][Chachapoyas][Amazonas][Perú],POLITICAL_LEVEL_4,74841394.75419594,74841394.75419596,1.0000000000000002,85323,46523,0.54525743351734
010104,95,Perú,Amazonas,Chachapoyas,Cheto,"LEVEL_4,LEVEL_3,LEVEL_2,LEVEL_1",INEI,2023,1269,[Cheto][Chachapoyas][Amazonas][Perú],POLITICAL_LEVEL_4,70388702.66956034,70388702.66956031,0.9999999999999996,80099,46617,0.581992284547872
010506,95,Perú,Amazonas,Luya,Inguilpata,"LEVEL_4,LEVEL_3,LEVEL_2,LEVEL_1",INEI,2023,1270,[Inguilpata][Luya][Amazonas][Perú],POLITICAL_LEVEL_4,118715199.55298157,116753279.6321714,0.9834737259576052,132625,69988,0.5277134778510839
010607,95,Perú,Amazonas,Rodriguez De Mendoza,Mariscal Benavides,"LEVEL_4,LEVEL_3,LEVEL_2,LEVEL_1",INEI,2023,1273,[Mariscal Benavides][Rodriguez De Mendoza][Amazonas][Perú],POLITICAL_LEVEL_4,202689783.70204198,202689783.70204195,0.9999999999999999,229377,187025,0.8153607379990148
010505,95,Perú,Amazonas,Luya,Conila,"LEVEL_4,LEVEL_3,LEVEL_2,LEVEL_1",INEI,2023,1277,[Conila][Luya][Amazonas][Perú],POLITICAL_LEVEL_4,249151951.68692428,249151951.68692407,0.9999999999999991,281355,203223,0.7223010076238204
010105,95,Perú,Amazonas,Chachapoyas,Chiliquin,"LEVEL_4,LEVEL_3,LEVEL_2,LEVEL_1",INEI,2023,1283,[Chiliquin][Chachapoyas][Amazonas][Perú],POLITICAL_LEVEL_4,141793539.9268089,141793539.9268089,1.0,160342,98617,0.6150415985830288
010520,95,Perú,Amazonas,Luya,Santa Catalina,"LEVEL_4,LEVEL_3,LEVEL_2,LEVEL_1",INEI,2023,1284,[Santa Catalina][Luya][Amazonas][Perú],POLITICAL_LEVEL_4,164999171.9613163,164999171.96131626,0.9999999999999998,186531,139519,0.7479668258895305
010301,95,Perú,Amazonas,Bongara,Jumbilla,"LEVEL_4,LEVEL_3,LEVEL_2,LEVEL_1",INEI,2023,1291,[Jumbilla][Bongara][Amazonas][Perú],POLITICAL_LEVEL_4,158865982.3618654,158865982.36186528,0.9999999999999992,180343,84089,0.46627260276251364
010305,95,Perú,Amazonas,Bongara,Cuispes,"LEVEL_4,LEVEL_3,LEVEL_2,LEVEL_1",INEI,2023,1292,[Cuispes][Bongara][Amazonas][Perú],POLITICAL_LEVEL_4,96599036.100929,96599036.10092877,0.9999999999999976,109406,72791,0.6653291409977515
010310,95,Perú,Amazonas,Bongara,Shipasbamba,"LEVEL_4,LEVEL_3,LEVEL_2,LEVEL_1",INEI,2023,1293,[Shipasbamba][Bongara][Amazonas][Perú],POLITICAL_LEVEL_4,125581936.80968654,125581936.80968629,0.999999999999998,142183,106017,0.7456376641370628
010302,95,Perú,Amazonas,Bongara,Chisquilla,"LEVEL_4,LEVEL_3,LEVEL_2,LEVEL_1",INEI,2023,1294,[Chisquilla][Bongara][Amazonas][Perú],POLITICAL_LEVEL_4,162007086.91892803,162007086.91892818,1.0000000000000009,183133,145076,0.7921892831985496
010306,95,Perú,Amazonas,Bongara,Florida,"LEVEL_4,LEVEL_3,LEVEL_2,LEVEL_1",INEI,2023,1295,[Florida][Bongara][Amazonas][Perú],POLITICAL_LEVEL_4,222405372.9396239,222405372.9396238,0.9999999999999996,251386,174353,0.6935668652987835
010312,95,Perú,Amazonas,Bongara,Yambrasbamba,"LEVEL_4,LEVEL_3,LEVEL_2,LEVEL_1",INEI,2023,1297,[Yambrasbamba][Bongara][Amazonas][Perú],POLITICAL_LEVEL_4,1682182322.1550922,1682182322.1550932,1.0000000000000007,1892419,1798850,0.9505558758393358
160503,95,Perú,Loreto,Requena,Capelo,"LEVEL_4,LEVEL_3,LEVEL_2,LEVEL_1",INEI,2023,1302,[Capelo][Requena][Loreto][Perú],POLITICAL_LEVEL_4,800610878.8406448,800610878.8406439,0.9999999999999988,903125,630107,0.6976963321799308
160504,95,Perú,Loreto,Requena,Emilio San Martin,"LEVEL_4,LEVEL_3,LEVEL_2,LEVEL_1",INEI,2023,1303,[Emilio San Martin][Requena][Loreto][Perú],POLITICAL_LEVEL_4,4637742896.905837,4637742896.905837,1.0,5230549,4418113,0.8446748132939773
160505,95,Perú,Loreto,Requena,Maquia,"LEVEL_4,LEVEL_3,LEVEL_2,LEVEL_1",INEI,2023,1304,[Maquia][Requena][Loreto][Perú],POLITICAL_LEVEL_4,4891583055.425312,4891583055.425314,1.0000000000000004,5520702,4512040,0.8172946121706985
160506,95,Perú,Loreto,Requena,Puinahua,"LEVEL_4,LEVEL_3,LEVEL_2,LEVEL_1",INEI,2023,1305,[Puinahua][Requena][Loreto][Perú],POLITICAL_LEVEL_4,6281096682.979538,6281096682.979533,0.9999999999999992,7075143,5643394,0.7976367403457428
160507,95,Perú,Loreto,Requena,Saquena,"LEVEL_4,LEVEL_3,LEVEL_2,LEVEL_1",INEI,2023,1306,[Saquena][Requena][Loreto][Perú],POLITICAL_LEVEL_4,2595485363.296788,2595485363.296786,0.9999999999999991,2918212,2679317,0.9181365164696739
160508,95,Perú,Loreto,Requena,Soplin,"LEVEL_4,LEVEL_3,LEVEL_2,LEVEL_1",INEI,2023,1307,[Soplin][Requena][Loreto][Perú],POLITICAL_LEVEL_4,4696347251.440507,4696347251.440486,0.9999999999999956,5295295,5172854,0.9768773977653747
160102,95,Perú,Loreto,Maynas,Alto Nanay,"LEVEL_4,LEVEL_3,LEVEL_2,LEVEL_1",INEI,2023,1308,[Alto Nanay][Maynas][Loreto][Perú],POLITICAL_LEVEL_4,14554289292.506365,14554289292.506386,1.0000000000000013,16331982,16212560,0.9926878440106045
160103,95,Perú,Loreto,Maynas,Fernando Lores,"LEVEL_4,LEVEL_3,LEVEL_2,LEVEL_1",INEI,2023,1309,[Fernando Lores][Maynas][Loreto][Perú],POLITICAL_LEVEL_4,4569238403.724516,4569238403.724509,0.9999999999999986,5129885,4279577,0.8342442374439193
160104,95,Perú,Loreto,Maynas,Indiana,"LEVEL_4,LEVEL_3,LEVEL_2,LEVEL_1",INEI,2023,1310,[Indiana][Maynas][Loreto][Perú],POLITICAL_LEVEL_4,3367588580.0036182,3367588580.0036206,1.0000000000000007,3779932,3455039,0.9140479246716607
160105,95,Perú,Loreto,Maynas,Las Amazonas,"LEVEL_4,LEVEL_3,LEVEL_2,LEVEL_1",INEI,2023,1311,[Las Amazonas][Maynas][Loreto][Perú],POLITICAL_LEVEL_4,6726801596.313293,6726801596.313279,0.9999999999999979,7541610,7062876,0.9365209815941159
160106,95,Perú,Loreto,Maynas,Mazan,"LEVEL_4,LEVEL_3,LEVEL_2,LEVEL_1",INEI,2023,1312,[Mazan][Maynas][Loreto][Perú],POLITICAL_LEVEL_4,10051446041.102882,10051446041.102943,1.000000000000006,11276458,10823483,0.9598300281879292
160202,95,Perú,Loreto,Alto Amazonas,Balsapuerto,"LEVEL_4,LEVEL_3,LEVEL_2,LEVEL_1",INEI,2023,1313,[Balsapuerto][Alto Amazonas][Loreto][Perú],POLITICAL_LEVEL_4,3003728480.788007,3003728480.788008,1.0000000000000004,3382050,3181847,0.9408042459455064
160205,95,Perú,Loreto,Alto Amazonas,Jeberos,"LEVEL_4,LEVEL_3,LEVEL_2,LEVEL_1",INEI,2023,1314,[Jeberos][Alto Amazonas][Loreto][Perú],POLITICAL_LEVEL_4,4345001022.22441,4345001022.224404,0.9999999999999987,4889607,4474399,0.9150835639755915
160206,95,Perú,Loreto,Alto Amazonas,Lagunas,"LEVEL_4,LEVEL_3,LEVEL_2,LEVEL_1",INEI,2023,1315,[Lagunas][Alto Amazonas][Loreto][Perú],POLITICAL_LEVEL_4,6056455317.810314,6056455317.810361,1.0000000000000078,6814420,5263963,0.7724741063802936
160210,95,Perú,Loreto,Alto Amazonas,Santa Cruz,"LEVEL_4,LEVEL_3,LEVEL_2,LEVEL_1",INEI,2023,1316,[Santa Cruz][Alto Amazonas][Loreto][Perú],POLITICAL_LEVEL_4,2270006156.4646816,2270006156.464688,1.0000000000000027,2557756,2369060,0.9262259574408193
160211,95,Perú,Loreto,Alto Amazonas,Teniente Cesar Lopez Rojas,"LEVEL_4,LEVEL_3,LEVEL_2,LEVEL_1",INEI,2023,1317,[Teniente Cesar Lopez Rojas][Alto Amazonas][Loreto][Perú],POLITICAL_LEVEL_4,1319771155.5531402,1319771155.5531437,1.0000000000000027,1489698,1280698,0.8597031076097303
160302,95,Perú,Loreto,Loreto,Parinari,"LEVEL_4,LEVEL_3,LEVEL_2,LEVEL_1",INEI,2023,1318,[Parinari][Loreto][Loreto][Perú],POLITICAL_LEVEL_4,13212447143.132282,13212447143.132305,1.0000000000000018,14861039,13839871,0.9312855581631944
160305,95,Perú,Loreto,Loreto,Urarinas,"LEVEL_4,LEVEL_3,LEVEL_2,LEVEL_1",INEI,2023,1319,[Urarinas][Loreto][Loreto][Perú],POLITICAL_LEVEL_4,15765837223.609077,15765837223.609112,1.0000000000000022,17708815,14001316,0.7906410451518072
160402,95,Perú,Loreto,Mariscal Ramon Castilla,Pebas,"LEVEL_4,LEVEL_3,LEVEL_2,LEVEL_1",INEI,2023,1320,[Pebas][Mariscal Ramon Castilla][Loreto][Perú],POLITICAL_LEVEL_4,11254518528.087368,11254518528.087355,0.9999999999999988,12597925,12125043,0.9624635009336855
160404,95,Perú,Loreto,Mariscal Ramon Castilla,San Pablo,"LEVEL_4,LEVEL_3,LEVEL_2,LEVEL_1",INEI,2023,1321,[San Pablo][Mariscal Ramon Castilla][Loreto][Perú],POLITICAL_LEVEL_4,5099105621.056181,5099105621.056186,1.0000000000000009,5706633,5292221,0.9273806463461028
160509,95,Perú,Loreto,Requena,Tapiche,"LEVEL_4,LEVEL_3,LEVEL_2,LEVEL_1",INEI,2023,1322,[Tapiche][Requena][Loreto][Perú],POLITICAL_LEVEL_4,2090123542.8171842,2090123542.8171833,0.9999999999999996,2357519,2245138,0.9523308189668885
160510,95,Perú,Loreto,Requena,Jenaro Herrera,"LEVEL_4,LEVEL_3,LEVEL_2,LEVEL_1",INEI,2023,1323,[Jenaro Herrera][Requena][Loreto][Perú],POLITICAL_LEVEL_4,1160081785.1919658,1160081785.1919658,1.0,1306735,1126375,0.8619766058152571
220705,95,Perú,San Martin,Picota,Pucacaca,"LEVEL_4,LEVEL_3,LEVEL_2,LEVEL_1",INEI,2023,1324,[Pucacaca][Picota][San Martin][Perú],POLITICAL_LEVEL_4,202903579.04373014,202903579.04373026,1.0000000000000007,230461,123700,0.5367502527542621
220205,95,Perú,San Martin,Bellavista,San Pablo,"LEVEL_4,LEVEL_3,LEVEL_2,LEVEL_1",INEI,2023,1325,[San Pablo][Bellavista][San Martin][Perú],POLITICAL_LEVEL_4,347995171.20809126,347995171.20809174,1.0000000000000013,394100,171095,0.43414108094392284
220710,95,Perú,San Martin,Picota,Tres Unidos,"LEVEL_4,LEVEL_3,LEVEL_2,LEVEL_1",INEI,2023,1326,[Tres Unidos][Picota][San Martin][Perú],POLITICAL_LEVEL_4,370367666.2351454,370367666.23514575,1.0000000000000009,419316,362904,0.8654666170620725
220304,95,Perú,San Martin,El Dorado,Santa Rosa,"LEVEL_4,LEVEL_3,LEVEL_2,LEVEL_1",INEI,2023,1327,[Santa Rosa][El Dorado][San Martin][Perú],POLITICAL_LEVEL_4,249213680.58880296,249213680.58880296,1.0,282602,146318,0.5177528821452078
220702,95,Perú,San Martin,Picota,Buenos Aires,"LEVEL_4,LEVEL_3,LEVEL_2,LEVEL_1",INEI,2023,1328,[Buenos Aires][Picota][San Martin][Perú],POLITICAL_LEVEL_4,311178535.88157827,311178535.88157797,0.999999999999999,352143,190555,0.5411295979190273
220302,95,Perú,San Martin,El Dorado,Agua Blanca,"LEVEL_4,LEVEL_3,LEVEL_2,LEVEL_1",INEI,2023,1329,[Agua Blanca][El Dorado][San Martin][Perú],POLITICAL_LEVEL_4,152651187.65342048,152651187.65342048,1.0,173255,78757,0.45457273960347466
220914,95,Perú,San Martin,San Martin,Shapaja,"LEVEL_4,LEVEL_3,LEVEL_2,LEVEL_1",INEI,2023,1333,[Shapaja][San Martin][San Martin][Perú],POLITICAL_LEVEL_4,237667844.02904293,237667844.0290428,0.9999999999999994,269288,177246,0.6582023706960578
220505,95,Perú,San Martin,Lamas,Cuñumbuqui,"LEVEL_4,LEVEL_3,LEVEL_2,LEVEL_1",INEI,2023,1334,[Cuñumbuqui][Lamas][San Martin][Perú],POLITICAL_LEVEL_4,182047971.86202258,182047971.86202243,0.9999999999999992,206858,104374,0.5045683512361137
220904,95,Perú,San Martin,San Martin,Chazuta,"LEVEL_4,LEVEL_3,LEVEL_2,LEVEL_1",INEI,2023,1335,[Chazuta][San Martin][San Martin][Perú],POLITICAL_LEVEL_4,951766976.9406929,951766976.940693,1.0000000000000002,1075598,971015,0.9027675767340586
220402,95,Perú,San Martin,Huallaga,Alto Saposoa,"LEVEL_4,LEVEL_3,LEVEL_2,LEVEL_1",INEI,2023,1336,[Alto Saposoa][Huallaga][San Martin][Perú],POLITICAL_LEVEL_4,1378687279.8804302,1378687279.8804286,0.9999999999999988,1556322,1443464,0.9274841581626424
220303,95,Perú,San Martin,El Dorado,San Martin,"LEVEL_4,LEVEL_3,LEVEL_2,LEVEL_1",INEI,2023,1337,[San Martin][El Dorado][San Martin][Perú],POLITICAL_LEVEL_4,520724703.5073091,520724703.50730973,1.0000000000000013,588430,531357,0.90300800435056
220501,95,Perú,San Martin,Lamas,Lamas,"LEVEL_4,LEVEL_3,LEVEL_2,LEVEL_1",INEI,2023,1338,[Lamas][Lamas][San Martin][Perú],POLITICAL_LEVEL_4,129420429.1293522,129420429.12935221,1.0000000000000002,146917,74686,0.5083550576175664
220907,95,Perú,San Martin,San Martin,Huimbayoc,"LEVEL_4,LEVEL_3,LEVEL_2,LEVEL_1",INEI,2023,1340,[Huimbayoc][San Martin][San Martin][Perú],POLITICAL_LEVEL_4,1712957314.2215712,1712957314.2215698,0.9999999999999991,1935350,1765915,0.9124525279665177
220510,95,Perú,San Martin,Lamas,Tabalosos,"LEVEL_4,LEVEL_3,LEVEL_2,LEVEL_1",INEI,2023,1341,[Tabalosos][Lamas][San Martin][Perú],POLITICAL_LEVEL_4,361962382.8856757,361962382.8856762,1.0000000000000013,409936,254738,0.6214091955817493
220502,95,Perú,San Martin,Lamas,Alonso De Alvarado,"LEVEL_4,LEVEL_3,LEVEL_2,LEVEL_1",INEI,2023,1342,[Alonso De Alvarado][Lamas][San Martin][Perú],POLITICAL_LEVEL_4,296287671.4129445,296287671.4129447,1.0000000000000007,335241,257117,0.7669616783150033
220905,95,Perú,San Martin,San Martin,Chipurana,"LEVEL_4,LEVEL_3,LEVEL_2,LEVEL_1",INEI,2023,1343,[Chipurana][San Martin][San Martin][Perú],POLITICAL_LEVEL_4,306064626.0156984,306064626.01569843,1.0000000000000002,348248,260242,0.7472892880935426
220504,95,Perú,San Martin,Lamas,Caynarachi,"LEVEL_4,LEVEL_3,LEVEL_2,LEVEL_1",INEI,2023,1344,[Caynarachi][Lamas][San Martin][Perú],POLITICAL_LEVEL_4,1271361142.2880552,1271361142.288053,0.9999999999999983,1434334,1248682,0.8705657120308101
220911,95,Perú,San Martin,San Martin,Papaplaya,"LEVEL_4,LEVEL_3,LEVEL_2,LEVEL_1",INEI,2023,1345,[Papaplaya][San Martin][San Martin][Perú],POLITICAL_LEVEL_4,989961861.7611417,989961861.761144,1.0000000000000024,1119018,1028481,0.9190924542768749
220503,95,Perú,San Martin,Lamas,Barranquita,"LEVEL_4,LEVEL_3,LEVEL_2,LEVEL_1",INEI,2023,1346,[Barranquita][Lamas][San Martin][Perú],POLITICAL_LEVEL_4,1056973225.1783882,1056973225.1783864,0.9999999999999983,1193279,996999,0.8355120638174308
220506,95,Perú,San Martin,Lamas,Pinto Recodo,"LEVEL_4,LEVEL_3,LEVEL_2,LEVEL_1",INEI,2023,1347,[Pinto Recodo][Lamas][San Martin][Perú],POLITICAL_LEVEL_4,559757124.7735518,559757124.773553,1.0000000000000022,633053,559321,0.8835294991098691
220906,95,Perú,San Martin,San Martin,El Porvenir,"LEVEL_4,LEVEL_3,LEVEL_2,LEVEL_1",INEI,2023,1348,[El Porvenir][San Martin][San Martin][Perú],POLITICAL_LEVEL_4,489310678.5861712,489310678.5861709,0.9999999999999994,553548,476113,0.8601114989124701
220808,95,Perú,San Martin,Rioja,Yorongos,"LEVEL_4,LEVEL_3,LEVEL_2,LEVEL_1",INEI,2023,1349,[Yorongos][Rioja][San Martin][Perú],POLITICAL_LEVEL_4,81806435.31677805,81806435.31677808,1.0000000000000004,93049,54660,0.5874324280755301
220104,95,Perú,San Martin,Moyobamba,Jepelacio,"LEVEL_4,LEVEL_3,LEVEL_2,LEVEL_1",INEI,2023,1350,[Jepelacio][Moyobamba][San Martin][Perú],POLITICAL_LEVEL_4,386196846.89082146,386196846.89082205,1.0000000000000016,436869,283203,0.6482561133886817
220508,95,Perú,San Martin,Lamas,San Roque De Cumbaza,"LEVEL_4,LEVEL_3,LEVEL_2,LEVEL_1",INEI,2023,1351,[San Roque De Cumbaza][Lamas][San Martin][Perú],POLITICAL_LEVEL_4,652142571.7019359,652142571.7019366,1.000000000000001,736828,706003,0.9581652705923228
010401,95,Perú,Amazonas,Condorcanqui,Nieva,"LEVEL_4,LEVEL_3,LEVEL_2,LEVEL_1",INEI,2023,1455,[Nieva][Condorcanqui][Amazonas][Perú],POLITICAL_LEVEL_4,4190023558.6790595,4190023558.6790614,1.0000000000000004,4702651,4360889,0.9273256722644313
010702,95,Perú,Amazonas,Utcubamba,Cajaruro,"LEVEL_4,LEVEL_3,LEVEL_2,LEVEL_1",INEI,2023,1457,[Cajaruro][Utcubamba][Amazonas][Perú],POLITICAL_LEVEL_4,1802875833.4688742,1713650711.553118,0.9505095579743392,1926131,1560661,0.8102569347567741
221001,95,Perú,San Martin,Tocache,Tocache,"LEVEL_4,LEVEL_3,LEVEL_2,LEVEL_1",INEI,2023,1473,[Tocache][Tocache][San Martin][Perú],POLITICAL_LEVEL_4,1006466128.3797175,1005763231.3116723,0.9993016187547447,1141914,702245,0.6149718805444193
060907,95,Perú,Cajamarca,San Ignacio,Tabaconas,"LEVEL_4,LEVEL_3,LEVEL_2,LEVEL_1",INEI,2023,1481,[Tabaconas][San Ignacio][Cajamarca][Perú],POLITICAL_LEVEL_4,776174346.2663141,776174346.2663112,0.9999999999999961,871106,616449,0.7076624429173947
080901,95,Perú,Cusco,La Convencion,Santa Ana,"LEVEL_4,LEVEL_3,LEVEL_2,LEVEL_1",INEI,2023,1493,[Santa Ana][La Convencion][Cusco][Perú],POLITICAL_LEVEL_4,391795245.9520711,381441001.01043475,0.9735723058188843,439465,258477,0.5881628798652907
080910,95,Perú,Cusco,La Convencion,Pichari,"LEVEL_4,LEVEL_3,LEVEL_2,LEVEL_1",INEI,2023,1494,[Pichari][La Convencion][Cusco][Perú],POLITICAL_LEVEL_4,505814390.61144966,505814390.6114507,1.000000000000002,583338,490278,0.84046984766979
100601,95,Perú,Huanuco,Leoncio Prado,Rupa-Rupa,"LEVEL_4,LEVEL_3,LEVEL_2,LEVEL_1",INEI,2023,1532,[Rupa-Rupa][Leoncio Prado][Huanuco][Perú],POLITICAL_LEVEL_4,260530149.80767208,260530149.80767214,1.0000000000000002,298195,164831,0.552762454098828
100604,95,Perú,Huanuco,Leoncio Prado,Jose Crespo Y Castillo,"LEVEL_4,LEVEL_3,LEVEL_2,LEVEL_1",INEI,2023,1533,[Jose Crespo Y Castillo][Leoncio Prado][Huanuco][Perú],POLITICAL_LEVEL_4,1501642958.7930806,1501642958.7930748,0.9999999999999962,1707524,1354519,0.7932649848552641
100606,95,Perú,Huanuco,Leoncio Prado,Mariano Damaso Beraun,"LEVEL_4,LEVEL_3,LEVEL_2,LEVEL_1",INEI,2023,1534,[Mariano Damaso Beraun][Leoncio Prado][Huanuco][Perú],POLITICAL_LEVEL_4,746176335.3545024,745045615.837648,0.9984846483823194,847872,707806,0.8348028947765701
120302,95,Perú,Junin,Chanchamayo,Perene,"LEVEL_4,LEVEL_3,LEVEL_2,LEVEL_1",INEI,2023,1552,[Perene][Chanchamayo][Junin][Perú],POLITICAL_LEVEL_4,1490023593.8218844,1443356907.9133976,0.9686805725077228,1650475,1008217,0.610864751056514
120303,95,Perú,Junin,Chanchamayo,Pichanaqui,"LEVEL_4,LEVEL_3,LEVEL_2,LEVEL_1",INEI,2023,1553,[Pichanaqui][Chanchamayo][Junin][Perú],POLITICAL_LEVEL_4,1242381349.1083605,1188904276.7002416,0.9569559922591411,1361171,979682,0.7197346990201818
120601,95,Perú,Junin,Satipo,Satipo,"LEVEL_4,LEVEL_3,LEVEL_2,LEVEL_1",INEI,2023,1557,[Satipo][Satipo][Junin][Perú],POLITICAL_LEVEL_4,815077689.8883919,815077689.8883939,1.0000000000000024,934256,690216,0.738786799335514
120604,95,Perú,Junin,Satipo,Mazamari,"LEVEL_4,LEVEL_3,LEVEL_2,LEVEL_1",INEI,2023,1558,[Mazamari][Satipo][Junin][Perú],POLITICAL_LEVEL_4,1258045589.2779899,1258045589.277994,1.0000000000000033,1440452,1199582,0.8327816546472913
120607,95,Perú,Junin,Satipo,Rio Negro,"LEVEL_4,LEVEL_3,LEVEL_2,LEVEL_1",INEI,2023,1560,[Rio Negro][Satipo][Junin][Perú],POLITICAL_LEVEL_4,488129677.6295438,488129677.6295435,0.9999999999999994,559483,326669,0.5838765431657441
120608,95,Perú,Junin,Satipo,Rio Tambo,"LEVEL_4,LEVEL_3,LEVEL_2,LEVEL_1",INEI,2023,1561,[Rio Tambo][Satipo][Junin][Perú],POLITICAL_LEVEL_4,10209912281.380043,10209912281.380007,0.9999999999999964,11671318,10982329,0.9409673354800203
160108,95,Perú,Loreto,Maynas,Punchana,"LEVEL_4,LEVEL_3,LEVEL_2,LEVEL_1",INEI,2023,1601,[Punchana][Maynas][Loreto][Perú],POLITICAL_LEVEL_4,1602845830.5776987,1602845830.5776987,1.0,1800394,1536349,0.8533404354824555
160112,95,Perú,Loreto,Maynas,Belen,"LEVEL_4,LEVEL_3,LEVEL_2,LEVEL_1",INEI,2023,1602,[Belen][Maynas][Loreto][Perú],POLITICAL_LEVEL_4,653025743.9860028,653025743.9860042,1.0000000000000022,735637,455486,0.6191722276068223
160113,95,Perú,Loreto,Maynas,San Juan Bautista,"LEVEL_4,LEVEL_3,LEVEL_2,LEVEL_1",INEI,2023,1603,[San Juan Bautista][Maynas][Loreto][Perú],POLITICAL_LEVEL_4,3199904976.8924184,3199904976.8924317,1.0000000000000042,3597790,3314865,0.9213614468882286
160201,95,Perú,Loreto,Alto Amazonas,Yurimaguas,"LEVEL_4,LEVEL_3,LEVEL_2,LEVEL_1",INEI,2023,1604,[Yurimaguas][Alto Amazonas][Loreto][Perú],POLITICAL_LEVEL_4,2234637247.198644,2234637247.1986465,1.000000000000001,2518632,1903532,0.7557801219074481
160301,95,Perú,Loreto,Loreto,Nauta,"LEVEL_4,LEVEL_3,LEVEL_2,LEVEL_1",INEI,2023,1605,[Nauta][Loreto][Loreto][Perú],POLITICAL_LEVEL_4,6758162496.958179,6758162496.958183,1.0000000000000007,7598812,6242391,0.821495649583119
160501,95,Perú,Loreto,Requena,Requena,"LEVEL_4,LEVEL_3,LEVEL_2,LEVEL_1",INEI,2023,1606,[Requena][Requena][Loreto][Perú],POLITICAL_LEVEL_4,3072981707.2228947,3072981707.2228913,0.9999999999999989,3460310,2918732,0.8434885891726464
160601,95,Perú,Loreto,Ucayali,Contamana,"LEVEL_4,LEVEL_3,LEVEL_2,LEVEL_1",INEI,2023,1607,[Contamana][Ucayali][Loreto][Perú],POLITICAL_LEVEL_4,11003035429.161108,11003035429.1611,0.9999999999999993,12443612,11560488,0.9290299311807536
160101,95,Perú,Loreto,Maynas,Iquitos,"LEVEL_4,LEVEL_3,LEVEL_2,LEVEL_1",INEI,2023,1622,[Iquitos][Maynas][Loreto][Perú],POLITICAL_LEVEL_4,366913570.49386233,366913570.49386233,1.0,414693,285028,0.6873229111656093
190306,95,Perú,Pasco,Oxapampa,Puerto Bermudez,"LEVEL_4,LEVEL_3,LEVEL_2,LEVEL_1",INEI,2023,1630,[Puerto Bermudez][Oxapampa][Pasco][Perú],POLITICAL_LEVEL_4,7672276298.702021,7672276298.702026,1.0000000000000007,8739715,8419788,0.9633938864139162
220101,95,Perú,San Martin,Moyobamba,Moyobamba,"LEVEL_4,LEVEL_3,LEVEL_2,LEVEL_1",INEI,2023,1646,[Moyobamba][Moyobamba][San Martin][Perú],POLITICAL_LEVEL_4,2699074096.2939487,2699074096.293937,0.9999999999999958,3042006,2611151,0.8583648421469254
220105,95,Perú,San Martin,Moyobamba,Soritor,"LEVEL_4,LEVEL_3,LEVEL_2,LEVEL_1",INEI,2023,1647,[Soritor][Moyobamba][San Martin][Perú],POLITICAL_LEVEL_4,583692442.1759531,583692442.1759521,0.9999999999999981,659075,558677,0.8476683230284869
220601,95,Perú,San Martin,Mariscal Caceres,Juanjui,"LEVEL_4,LEVEL_3,LEVEL_2,LEVEL_1",INEI,2023,1648,[Juanjui][Mariscal Caceres][San Martin][Perú],POLITICAL_LEVEL_4,447691909.6028438,447691909.602844,1.0000000000000004,508439,323274,0.6358166859741287
220801,95,Perú,San Martin,Rioja,Rioja,"LEVEL_4,LEVEL_3,LEVEL_2,LEVEL_1",INEI,2023,1649,[Rioja][Rioja][San Martin][Perú],POLITICAL_LEVEL_4,209083203.37113512,209083203.3711351,0.9999999999999999,236785,99562,0.42047426990729986
220803,95,Perú,San Martin,Rioja,Elias Soplin Vargas,"LEVEL_4,LEVEL_3,LEVEL_2,LEVEL_1",INEI,2023,1650,[Elias Soplin Vargas][Rioja][San Martin][Perú],POLITICAL_LEVEL_4,169464600.57512116,169464600.57512107,0.9999999999999994,191857,131324,0.6844889683462162
220804,95,Perú,San Martin,Rioja,Nueva Cajamarca,"LEVEL_4,LEVEL_3,LEVEL_2,LEVEL_1",INEI,2023,1651,[Nueva Cajamarca][Rioja][San Martin][Perú],POLITICAL_LEVEL_4,334307037.61015224,334307037.6101525,1.0000000000000007,377989,259096,0.6854591006616595
220909,95,Perú,San Martin,San Martin,La Banda De Shilcayo,"LEVEL_4,LEVEL_3,LEVEL_2,LEVEL_1",INEI,2023,1653,[La Banda De Shilcayo][San Martin][San Martin][Perú],POLITICAL_LEVEL_4,266551024.81821647,266551024.81821615,0.9999999999999988,302456,232364,0.7682572010474251
250102,95,Perú,Ucayali,Coronel Portillo,Campoverde,"LEVEL_4,LEVEL_3,LEVEL_2,LEVEL_1",INEI,2023,1656,[Campoverde][Coronel Portillo][Ucayali][Perú],POLITICAL_LEVEL_4,1324676230.90118,1324676230.9011831,1.0000000000000024,1503932,1002874,0.6668346707164952
250105,95,Perú,Ucayali,Coronel Portillo,Yarinacocha,"LEVEL_4,LEVEL_3,LEVEL_2,LEVEL_1",INEI,2023,1657,[Yarinacocha][Coronel Portillo][Ucayali][Perú],POLITICAL_LEVEL_4,661183531.8305744,661183531.830574,0.9999999999999994,750576,351509,0.46831899767645113
250107,95,Perú,Ucayali,Coronel Portillo,Manantay,"LEVEL_4,LEVEL_3,LEVEL_2,LEVEL_1",INEI,2023,1658,[Manantay][Coronel Portillo][Ucayali][Perú],POLITICAL_LEVEL_4,644506287.1740797,644506287.1740788,0.9999999999999987,732292,343435,0.4689864152551168
250201,95,Perú,Ucayali,Atalaya,Raimondi,"LEVEL_4,LEVEL_3,LEVEL_2,LEVEL_1",INEI,2023,1659,[Raimondi][Atalaya][Ucayali][Perú],POLITICAL_LEVEL_4,14539205149.323824,14539205149.32391,1.000000000000006,16555425,16081657,0.971382915267956
250301,95,Perú,Ucayali,Padre Abad,Padre Abad,"LEVEL_4,LEVEL_3,LEVEL_2,LEVEL_1",INEI,2023,1660,[Padre Abad][Padre Abad][Ucayali][Perú],POLITICAL_LEVEL_4,3573620500.2163963,3573620500.2163873,0.9999999999999974,4057251,3820196,0.9415725080849078
010205,95,Perú,Amazonas,Bagua,Imaza,"LEVEL_4,LEVEL_3,LEVEL_2,LEVEL_1",INEI,2023,1670,[Imaza][Bagua][Amazonas][Perú],POLITICAL_LEVEL_4,4596615070.372945,4596615069.144714,0.9999999997327967,5155702,4834828,0.9377632764655521
010402,95,Perú,Amazonas,Nieva,El Cenepa,"LEVEL_4,LEVEL_3,LEVEL_2,LEVEL_1",INEI,2023,1671,[El Cenepa][Nieva][Amazonas][Perú],POLITICAL_LEVEL_4,5624276497.022185,5624276487.959637,0.999999998388673,6296634,6038249,0.9589645832995851
010403,95,Perú,Amazonas,Nieva,Rio Santiago,"LEVEL_4,LEVEL_3,LEVEL_2,LEVEL_1",INEI,2023,1672,[Rio Santiago][Nieva][Amazonas][Perú],POLITICAL_LEVEL_4,8086719657.166584,8086719652.886641,0.9999999994707441,9057825,8699493,0.9604395094848929
160704,95,Perú,Loreto,Datem del Marañón,Morona,"LEVEL_4,LEVEL_3,LEVEL_2,LEVEL_1",INEI,2023,1673,[Morona][Datem del Marañón][Loreto][Perú],POLITICAL_LEVEL_4,11037607807.230951,11037607799.47937,0.9999999992977119,12372711,12123467,0.9798553445562577
160706,95,Perú,Loreto,Datem del Marañón,Andoas,"LEVEL_4,LEVEL_3,LEVEL_2,LEVEL_1",INEI,2023,1674,[Andoas][Datem del Marañón][Loreto][Perú],POLITICAL_LEVEL_4,11787577636.617155,11787577631.033447,0.9999999995263057,13215808,12496901,0.945602493619762
160304,95,Perú,Loreto,Loreto,Trompeteros,"LEVEL_4,LEVEL_3,LEVEL_2,LEVEL_1",INEI,2023,1675,[Trompeteros][Loreto][Loreto][Perú],POLITICAL_LEVEL_4,12567310475.350338,12567310474.904177,0.9999999999644983,14100856,13910894,0.9865283355847333
160303,95,Perú,Loreto,Loreto,Tigre,"LEVEL_4,LEVEL_3,LEVEL_2,LEVEL_1",INEI,2023,1676,[Tigre][Loreto][Loreto][Perú],POLITICAL_LEVEL_4,20118548825.087914,20118548822.057755,0.9999999998493848,22570566,21799998,0.9658596067107932
160107,95,Perú,Loreto,Maynas,Napo,"LEVEL_4,LEVEL_3,LEVEL_2,LEVEL_1",INEI,2023,1677,[Napo][Maynas][Loreto][Perú],POLITICAL_LEVEL_4,24165312655.672836,24165312651.415485,0.9999999998238239,27089056,26068571,0.9623285137732375
160110,95,Perú,Loreto,Maynas,Torres Causana,"LEVEL_4,LEVEL_3,LEVEL_2,LEVEL_1",INEI,2023,1678,[Torres Causana][Maynas][Loreto][Perú],POLITICAL_LEVEL_4,6920688454.353122,6920688450.603975,0.9999999994582697,7758734,7371983,0.9501528213236851
160803,95,Perú,Loreto,Putumayo,Teniente Manuel Clavero,"LEVEL_4,LEVEL_3,LEVEL_2,LEVEL_1",INEI,2023,1679,[Teniente Manuel Clavero][Putumayo][Loreto][Perú],POLITICAL_LEVEL_4,9617817332.176228,9617817311.424973,0.9999999978424153,10772135,10527371,0.9772780419109118
160802,95,Perú,Loreto,Putumayo,Rosa Panduro,"LEVEL_4,LEVEL_3,LEVEL_2,LEVEL_1",INEI,2023,1680,[Rosa Panduro][Putumayo][Loreto][Perú],POLITICAL_LEVEL_4,7164461768.233698,7164461763.900909,0.9999999993952388,8030133,7898896,0.9836569332039706
160801,95,Perú,Loreto,Putumayo,Putumayo,"LEVEL_4,LEVEL_3,LEVEL_2,LEVEL_1",INEI,2023,1681,[Putumayo][Putumayo][Loreto][Perú],POLITICAL_LEVEL_4,11059619973.156187,11059619956.953243,0.9999999985349457,12384060,12087609,0.9760618892350328
160804,95,Perú,Loreto,Putumayo,Yaguas,"LEVEL_4,LEVEL_3,LEVEL_2,LEVEL_1",INEI,2023,1682,[Yaguas][Putumayo][Loreto][Perú],POLITICAL_LEVEL_4,18051415518.50526,18051415498.462513,0.9999999988896856,20139715,19870418,0.9866285595401921
160401,95,Perú,Loreto,Mariscal Ramón Castilla,Ramon Castilla,"LEVEL_4,LEVEL_3,LEVEL_2,LEVEL_1",INEI,2023,1683,[Ramon Castilla][Mariscal Ramón Castilla][Loreto][Perú],POLITICAL_LEVEL_4,6911149419.399196,6911130065.297744,0.9999971995828367,7720031,7140989,0.9249948607719322
160403,95,Perú,Loreto,Mariscal Ramón Castilla,Yavari,"LEVEL_4,LEVEL_3,LEVEL_2,LEVEL_1",INEI,2023,1684,[Yavari][Mariscal Ramón Castilla][Loreto][Perú],POLITICAL_LEVEL_4,14370274882.559977,14370274867.62014,0.9999999989603653,16100291,15715117,0.9760765814729684
160511,95,Perú,Loreto,Requena,Yaquerana,"LEVEL_4,LEVEL_3,LEVEL_2,LEVEL_1",INEI,2023,1685,[Yaquerana][Requena][Loreto][Perú],POLITICAL_LEVEL_4,11049498028.138107,11049498018.465992,0.9999999991246556,12429561,12380024,0.9960145816895706
160502,95,Perú,Loreto,Requena,Alto Tapiche,"LEVEL_4,LEVEL_3,LEVEL_2,LEVEL_1",INEI,2023,1686,[Alto Tapiche][Requena][Loreto][Perú],POLITICAL_LEVEL_4,9063685710.959526,9063685709.149767,0.9999999998003286,10223983,9434841,0.922814621268443
250101,95,Perú,Ucayali,Coronel Portillo,Calleria,"LEVEL_4,LEVEL_3,LEVEL_2,LEVEL_1",INEI,2023,1687,[Calleria][Coronel Portillo][Ucayali][Perú],POLITICAL_LEVEL_4,11652286242.95994,11652286238.093443,0.9999999995823569,13174863,12547235,0.9523617057725762
250104,95,Perú,Ucayali,Coronel Portillo,Masisea,"LEVEL_4,LEVEL_3,LEVEL_2,LEVEL_1",INEI,2023,1688,[Masisea][Coronel Portillo][Ucayali][Perú],POLITICAL_LEVEL_4,14710269091.346811,14710269086.6059,0.9999999996777141,16665185,15137287,0.9083179694674857
250204,95,Perú,Ucayali,Atalaya,Yurua,"LEVEL_4,LEVEL_3,LEVEL_2,LEVEL_1",INEI,2023,1689,[Yurua][Atalaya][Ucayali][Perú],POLITICAL_LEVEL_4,9036898452.286495,9036898440.463362,0.9999999986916824,10253497,10209126,0.9956725983340123
170303,95,Perú,Madre de Dios,Tahuamanu,Tahuamanu,"LEVEL_4,LEVEL_3,LEVEL_2,LEVEL_1",INEI,2023,1690,[Tahuamanu][Tahuamanu][Madre de Dios][Perú],POLITICAL_LEVEL_4,3511755833.105038,3511755833.105041,1.0000000000000009,3986543,3864923,0.9694923646879012
170103,95,Perú,Madre de Dios,Tambopata,Las Piedras,"LEVEL_4,LEVEL_3,LEVEL_2,LEVEL_1",INEI,2023,1691,[Las Piedras][Tambopata][Madre de Dios][Perú],POLITICAL_LEVEL_4,7815550579.297324,7815550578.763079,0.9999999999316432,8879835,8605795,0.9691390662101267
211210,95,Perú,Puno,Sandia,San Pedro De Putina Punco,"LEVEL_4,LEVEL_3,LEVEL_2,LEVEL_1",INEI,2023,1692,[San Pedro De Putina Punco][Sandia][Puno][Perú],POLITICAL_LEVEL_4,5590093212.385744,5590093208.414122,0.9999999992895249,6375119,6123126,0.9604724241225928
211207,95,Perú,Puno,Sandia,San Juan Del Oro,"LEVEL_4,LEVEL_3,LEVEL_2,LEVEL_1",INEI,2023,1693,[San Juan Del Oro][Sandia][Puno][Perú],POLITICAL_LEVEL_4,203592927.0262266,203592926.9727947,0.9999999997375553,234235,192503,0.8218370439942793
211208,95,Perú,Puno,Sandia,Yanahuaya,"LEVEL_4,LEVEL_3,LEVEL_2,LEVEL_1",INEI,2023,1694,[Yanahuaya][Sandia][Puno][Perú],POLITICAL_LEVEL_4,651539349.2352272,636074361.9681393,0.9762639243735001,729628,635594,0.8711206258531745
060905,95,Perú,Cajamarca,San Ignacio,Namballe,"LEVEL_4,LEVEL_3,LEVEL_2,LEVEL_1",INEI,2023,1823,[Namballe][San Ignacio][Cajamarca][Perú],POLITICAL_LEVEL_4,635767579.47702,635767578.784338,0.9999999989104792,712847,501275,0.7032013882361853
060906,95,Perú,Cajamarca,San Ignacio,San Jose de Lourdes,"LEVEL_4,LEVEL_3,LEVEL_2,LEVEL_1",INEI,2023,1825,[San Jose de Lourdes][San Ignacio][Cajamarca][Perú],POLITICAL_LEVEL_4,1364707537.06458,1364707534.253717,0.9999999979403184,1529454,1211078,0.7918368254292054
060903,95,Perú,Cajamarca,San Ignacio,Huarango,"LEVEL_4,LEVEL_3,LEVEL_2,LEVEL_1",INEI,2023,1826,[Huarango][San Ignacio][Cajamarca][Perú],POLITICAL_LEVEL_4,910739544.2212667,910696312.689773,0.9999525313995993,1024474,685767,0.6693844841352733
170101,95,Perú,Madre de Dios,Tambopata,Tambopata,"LEVEL_4,LEVEL_3,LEVEL_2,LEVEL_1",INEI,2023,1829,[Tambopata][Tambopata][Madre de Dios][Perú],POLITICAL_LEVEL_4,20838610819.957836,20838610817.184258,0.9999999998669019,23718257,22932857,0.9668862682447534
170301,95,Perú,Madre de Dios,Tahuamanu,Iñapari,"LEVEL_4,LEVEL_3,LEVEL_2,LEVEL_1",INEI,2023,1830,[Iñapari][Tahuamanu][Madre de Dios][Perú],POLITICAL_LEVEL_4,13829974597.286995,13829969584.532196,0.9999996375441789,15692363,15594191,0.9937439632259335
250401,95,Perú,Ucayali,Purus,Purus,"LEVEL_4,LEVEL_3,LEVEL_2,LEVEL_1",INEI,2023,1831,[Purus][Purus][Ucayali][Perú],POLITICAL_LEVEL_4,18469728413.728767,18469728364.13526,0.9999999973148763,20947113,20721159,0.9892131197268091
