GEOCODE,CATEG_ID,LEVEL_1,Departamento,LEVEL_3,Distrito,NAME_STD,SOURCE,VERSION,FEATURE_ID,NAME,CATEG_NAME,Píxeles Totales,Píxeles Cambio,Píxeles No Cambio,% Cambio
250305,95,Perú,Ucayali,Padre Abad,Alexander Von Humboldt,"LEVEL_4,LEVEL_3,LEVEL_2,LEVEL_1",INEI,2023,960,[Alexander Von Humboldt][Padre Abad][Ucayali][Perú],POLITICAL_LEVEL_4,233948,174147,59801,74.44
220509,95,Perú,San Martin,Lamas,Shanao,"LEVEL_4,LEVEL_3,LEVEL_2,LEVEL_1",INEI,2023,1339,[Shanao][Lamas][San Martin][Perú],POLITICAL_LEVEL_4,27901,19725,8176,70.7
250304,95,Perú,Ucayali,Padre Abad,Neshuya,"LEVEL_4,LEVEL_3,LEVEL_2,LEVEL_1",INEI,2023,962,[Neshuya][Padre Abad][Ucayali][Perú],POLITICAL_LEVEL_4,708970,500177,208793,70.55
010201,95,Perú,Amazonas,Bagua,Bagua,"LEVEL_4,LEVEL_3,LEVEL_2,LEVEL_1",INEI,2023,1454,[Bagua][Bagua][Amazonas][Perú],POLITICAL_LEVEL_4,23416,15532,7884,66.33
220501,95,Perú,San Martin,Lamas,Lamas,"LEVEL_4,LEVEL_3,LEVEL_2,LEVEL_1",INEI,2023,1338,[Lamas][Lamas][San Martin][Perú],POLITICAL_LEVEL_4,146917,95686,51231,65.13
010703,95,Perú,Amazonas,Utcubamba,Cumba,"LEVEL_4,LEVEL_3,LEVEL_2,LEVEL_1",INEI,2023,1233,[Cumba][Utcubamba][Amazonas][Perú],POLITICAL_LEVEL_4,205340,130782,74558,63.69
220902,95,Perú,San Martin,San Martin,Alberto Leveau,"LEVEL_4,LEVEL_3,LEVEL_2,LEVEL_1",INEI,2023,956,[Alberto Leveau][San Martin][San Martin][Perú],POLITICAL_LEVEL_4,58972,37191,21781,63.07
250102,95,Perú,Ucayali,Coronel Portillo,Campoverde,"LEVEL_4,LEVEL_3,LEVEL_2,LEVEL_1",INEI,2023,1656,[Campoverde][Coronel Portillo][Ucayali][Perú],POLITICAL_LEVEL_4,1503932,897246,606686,59.66
220702,95,Perú,San Martin,Picota,Buenos Aires,"LEVEL_4,LEVEL_3,LEVEL_2,LEVEL_1",INEI,2023,1328,[Buenos Aires][Picota][San Martin][Perú],POLITICAL_LEVEL_4,352143,208024,144119,59.07
220502,95,Perú,San Martin,Lamas,Alonso De Alvarado,"LEVEL_4,LEVEL_3,LEVEL_2,LEVEL_1",INEI,2023,1342,[Alonso De Alvarado][Lamas][San Martin][Perú],POLITICAL_LEVEL_4,335241,194816,140425,58.11
220404,95,Perú,San Martin,Huallaga,Piscoyacu,"LEVEL_4,LEVEL_3,LEVEL_2,LEVEL_1",INEI,2023,903,[Piscoyacu][Huallaga][San Martin][Perú],POLITICAL_LEVEL_4,204051,117822,86229,57.74
220708,95,Perú,San Martin,Picota,Shamboyacu,"LEVEL_4,LEVEL_3,LEVEL_2,LEVEL_1",INEI,2023,906,[Shamboyacu][Picota][San Martin][Perú],POLITICAL_LEVEL_4,444346,255798,188548,57.57
220204,95,Perú,San Martin,Bellavista,Huallaga,"LEVEL_4,LEVEL_3,LEVEL_2,LEVEL_1",INEI,2023,894,[Huallaga][Bellavista][San Martin][Perú],POLITICAL_LEVEL_4,292223,167166,125057,57.2
220605,95,Perú,San Martin,Mariscal Caceres,Pajarillo,"LEVEL_4,LEVEL_3,LEVEL_2,LEVEL_1",INEI,2023,892,[Pajarillo][Mariscal Caceres][San Martin][Perú],POLITICAL_LEVEL_4,515197,291451,223746,56.57
220704,95,Perú,San Martin,Picota,Pilluana,"LEVEL_4,LEVEL_3,LEVEL_2,LEVEL_1",INEI,2023,1253,[Pilluana][Picota][San Martin][Perú],POLITICAL_LEVEL_4,77967,43346,34621,55.6
010704,95,Perú,Amazonas,Utcubamba,El Milagro,"LEVEL_4,LEVEL_3,LEVEL_2,LEVEL_1",INEI,2023,1301,[El Milagro][Utcubamba][Amazonas][Perú],POLITICAL_LEVEL_4,53789,29888,23901,55.57
220104,95,Perú,San Martin,Moyobamba,Jepelacio,"LEVEL_4,LEVEL_3,LEVEL_2,LEVEL_1",INEI,2023,1350,[Jepelacio][Moyobamba][San Martin][Perú],POLITICAL_LEVEL_4,436869,242195,194674,55.44
010701,95,Perú,Amazonas,Utcubamba,Bagua Grande,"LEVEL_4,LEVEL_3,LEVEL_2,LEVEL_1",INEI,2023,1456,[Bagua Grande][Utcubamba][Amazonas][Perú],POLITICAL_LEVEL_4,513752,280287,233465,54.56
220505,95,Perú,San Martin,Lamas,Cuñumbuqui,"LEVEL_4,LEVEL_3,LEVEL_2,LEVEL_1",INEI,2023,1334,[Cuñumbuqui][Lamas][San Martin][Perú],POLITICAL_LEVEL_4,206858,112762,94096,54.51
220507,95,Perú,San Martin,Lamas,Rumisapa,"LEVEL_4,LEVEL_3,LEVEL_2,LEVEL_1",INEI,2023,985,[Rumisapa][Lamas][San Martin][Perú],POLITICAL_LEVEL_4,37992,20554,17438,54.1
220913,95,Perú,San Martin,San Martin,Sauce,"LEVEL_4,LEVEL_3,LEVEL_2,LEVEL_1",INEI,2023,837,[Sauce][San Martin][San Martin][Perú],POLITICAL_LEVEL_4,114615,61904,52711,54.01
010608,95,Perú,Amazonas,Rodriguez De Mendoza,Milpuc,"LEVEL_4,LEVEL_3,LEVEL_2,LEVEL_1",INEI,2023,1248,[Milpuc][Rodriguez De Mendoza][Amazonas][Perú],POLITICAL_LEVEL_4,48938,26307,22631,53.76
220405,95,Perú,San Martin,Huallaga,Sacanche,"LEVEL_4,LEVEL_3,LEVEL_2,LEVEL_1",INEI,2023,897,[Sacanche][Huallaga][San Martin][Perú],POLITICAL_LEVEL_4,183740,98631,85109,53.68
220709,95,Perú,San Martin,Picota,Tingo De Ponasa,"LEVEL_4,LEVEL_3,LEVEL_2,LEVEL_1",INEI,2023,907,[Tingo De Ponasa][Picota][San Martin][Perú],POLITICAL_LEVEL_4,379893,201295,178598,52.99
220304,95,Perú,San Martin,El Dorado,Santa Rosa,"LEVEL_4,LEVEL_3,LEVEL_2,LEVEL_1",INEI,2023,1327,[Santa Rosa][El Dorado][San Martin][Perú],POLITICAL_LEVEL_4,282602,146478,136124,51.83
100903,95,Perú,Huanuco,Puerto Inca,Honoria,"LEVEL_4,LEVEL_3,LEVEL_2,LEVEL_1",INEI,2023,867,[Honoria][Puerto Inca][Huanuco][Perú],POLITICAL_LEVEL_4,1077000,550862,526138,51.15
220203,95,Perú,San Martin,Bellavista,Bajo Biavo,"LEVEL_4,LEVEL_3,LEVEL_2,LEVEL_1",INEI,2023,895,[Bajo Biavo][Bellavista][San Martin][Perú],POLITICAL_LEVEL_4,1269186,643725,625461,50.72
220710,95,Perú,San Martin,Picota,Tres Unidos,"LEVEL_4,LEVEL_3,LEVEL_2,LEVEL_1",INEI,2023,1326,[Tres Unidos][Picota][San Martin][Perú],POLITICAL_LEVEL_4,419316,210510,208806,50.2
220510,95,Perú,San Martin,Lamas,Tabalosos,"LEVEL_4,LEVEL_3,LEVEL_2,LEVEL_1",INEI,2023,1341,[Tabalosos][Lamas][San Martin][Perú],POLITICAL_LEVEL_4,409936,205190,204746,50.05
100904,95,Perú,Huanuco,Puerto Inca,Tournavista,"LEVEL_4,LEVEL_3,LEVEL_2,LEVEL_1",INEI,2023,868,[Tournavista][Puerto Inca][Huanuco][Perú],POLITICAL_LEVEL_4,1977045,970476,1006569,49.09
220701,95,Perú,San Martin,Picota,Picota,"LEVEL_4,LEVEL_3,LEVEL_2,LEVEL_1",INEI,2023,908,[Picota][Picota][San Martin][Perú],POLITICAL_LEVEL_4,246335,119887,126448,48.67
010707,95,Perú,Amazonas,Utcubamba,Yamon,"LEVEL_4,LEVEL_3,LEVEL_2,LEVEL_1",INEI,2023,1298,[Yamon][Utcubamba][Amazonas][Perú],POLITICAL_LEVEL_4,110733,53656,57077,48.46
220403,95,Perú,San Martin,Huallaga,El Eslabon,"LEVEL_4,LEVEL_3,LEVEL_2,LEVEL_1",INEI,2023,901,[El Eslabon][Huallaga][San Martin][Perú],POLITICAL_LEVEL_4,141590,68504,73086,48.38
250105,95,Perú,Ucayali,Coronel Portillo,Yarinacocha,"LEVEL_4,LEVEL_3,LEVEL_2,LEVEL_1",INEI,2023,1657,[Yarinacocha][Coronel Portillo][Ucayali][Perú],POLITICAL_LEVEL_4,750576,359799,390777,47.94
100803,95,Perú,Huanuco,Pachitea,Molino,"LEVEL_4,LEVEL_3,LEVEL_2,LEVEL_1",INEI,2023,800,[Molino][Pachitea][Huanuco][Perú],POLITICAL_LEVEL_4,88769,42478,46291,47.85
220914,95,Perú,San Martin,San Martin,Shapaja,"LEVEL_4,LEVEL_3,LEVEL_2,LEVEL_1",INEI,2023,1333,[Shapaja][San Martin][San Martin][Perú],POLITICAL_LEVEL_4,269288,127333,141955,47.29
010515,95,Perú,Amazonas,Luya,Providencia,"LEVEL_4,LEVEL_3,LEVEL_2,LEVEL_1",INEI,2023,1267,[Providencia][Luya][Amazonas][Perú],POLITICAL_LEVEL_4,89325,41938,47387,46.95
220205,95,Perú,San Martin,Bellavista,San Pablo,"LEVEL_4,LEVEL_3,LEVEL_2,LEVEL_1",INEI,2023,1325,[San Pablo][Bellavista][San Martin][Perú],POLITICAL_LEVEL_4,394100,184857,209243,46.91
220705,95,Perú,San Martin,Picota,Pucacaca,"LEVEL_4,LEVEL_3,LEVEL_2,LEVEL_1",INEI,2023,1324,[Pucacaca][Picota][San Martin][Perú],POLITICAL_LEVEL_4,230461,106704,123757,46.3
010106,95,Perú,Amazonas,Chachapoyas,Chuquibamba,"LEVEL_4,LEVEL_3,LEVEL_2,LEVEL_1",INEI,2023,797,[Chuquibamba][Chachapoyas][Amazonas][Perú],POLITICAL_LEVEL_4,35712,16493,19219,46.18
220601,95,Perú,San Martin,Mariscal Caceres,Juanjui,"LEVEL_4,LEVEL_3,LEVEL_2,LEVEL_1",INEI,2023,1648,[Juanjui][Mariscal Caceres][San Martin][Perú],POLITICAL_LEVEL_4,508439,234552,273887,46.13
100905,95,Perú,Huanuco,Puerto Inca,Yuyapichis,"LEVEL_4,LEVEL_3,LEVEL_2,LEVEL_1",INEI,2023,872,[Yuyapichis][Puerto Inca][Huanuco][Perú],POLITICAL_LEVEL_4,2349624,1082888,1266736,46.09
100608,95,Perú,Huanuco,Leoncio Prado,Castillo Grande,"LEVEL_4,LEVEL_3,LEVEL_2,LEVEL_1",INEI,2023,1535,[Castillo Grande][Leoncio Prado][Huanuco][Perú],POLITICAL_LEVEL_4,119465,54075,65390,45.26
220302,95,Perú,San Martin,El Dorado,Agua Blanca,"LEVEL_4,LEVEL_3,LEVEL_2,LEVEL_1",INEI,2023,1329,[Agua Blanca][El Dorado][San Martin][Perú],POLITICAL_LEVEL_4,173255,78380,94875,45.24
010514,95,Perú,Amazonas,Luya,Pisuquia,"LEVEL_4,LEVEL_3,LEVEL_2,LEVEL_1",INEI,2023,1249,[Pisuquia][Luya][Amazonas][Perú],POLITICAL_LEVEL_4,197909,89465,108444,45.21
250306,95,Perú,Ucayali,Padre Abad,Huipoca,"LEVEL_4,LEVEL_3,LEVEL_2,LEVEL_1",INEI,2023,1228,[Huipoca][Padre Abad][Ucayali][Perú],POLITICAL_LEVEL_4,671649,302824,368825,45.09
010611,95,Perú,Amazonas,Rodriguez De Mendoza,Totora,"LEVEL_4,LEVEL_3,LEVEL_2,LEVEL_1",INEI,2023,690,[Totora][Rodriguez De Mendoza][Amazonas][Perú],POLITICAL_LEVEL_4,22309,9933,12376,44.52
220706,95,Perú,San Martin,Picota,San Cristobal,"LEVEL_4,LEVEL_3,LEVEL_2,LEVEL_1",INEI,2023,900,[San Cristobal][Picota][San Martin][Perú],POLITICAL_LEVEL_4,34652,15267,19385,44.06
010303,95,Perú,Amazonas,Bongara,Churuja,"LEVEL_4,LEVEL_3,LEVEL_2,LEVEL_1",INEI,2023,1052,[Churuja][Bongara][Amazonas][Perú],POLITICAL_LEVEL_4,36309,15994,20315,44.05
220301,95,Perú,San Martin,El Dorado,San Jose De Sisa,"LEVEL_4,LEVEL_3,LEVEL_2,LEVEL_1",INEI,2023,970,[San Jose De Sisa][El Dorado][San Martin][Perú],POLITICAL_LEVEL_4,349155,153559,195596,43.98
010705,95,Perú,Amazonas,Utcubamba,Jamalca,"LEVEL_4,LEVEL_3,LEVEL_2,LEVEL_1",INEI,2023,1299,[Jamalca][Utcubamba][Amazonas][Perú],POLITICAL_LEVEL_4,360444,157730,202714,43.76
010306,95,Perú,Amazonas,Bongara,Florida,"LEVEL_4,LEVEL_3,LEVEL_2,LEVEL_1",INEI,2023,1295,[Florida][Bongara][Amazonas][Perú],POLITICAL_LEVEL_4,251386,109723,141663,43.65
220303,95,Perú,San Martin,El Dorado,San Martin,"LEVEL_4,LEVEL_3,LEVEL_2,LEVEL_1",INEI,2023,1337,[San Martin][El Dorado][San Martin][Perú],POLITICAL_LEVEL_4,588430,256710,331720,43.63
220106,95,Perú,San Martin,Moyobamba,Yantalo,"LEVEL_4,LEVEL_3,LEVEL_2,LEVEL_1",INEI,2023,1002,[Yantalo][Moyobamba][San Martin][Perú],POLITICAL_LEVEL_4,79733,34613,45120,43.41
220305,95,Perú,San Martin,El Dorado,Shatoja,"LEVEL_4,LEVEL_3,LEVEL_2,LEVEL_1",INEI,2023,1332,[Shatoja][El Dorado][San Martin][Perú],POLITICAL_LEVEL_4,70758,30693,40065,43.38
010104,95,Perú,Amazonas,Chachapoyas,Cheto,"LEVEL_4,LEVEL_3,LEVEL_2,LEVEL_1",INEI,2023,1269,[Cheto][Chachapoyas][Amazonas][Perú],POLITICAL_LEVEL_4,80099,34725,45374,43.35
160201,95,Perú,Loreto,Alto Amazonas,Yurimaguas,"LEVEL_4,LEVEL_3,LEVEL_2,LEVEL_1",INEI,2023,1604,[Yurimaguas][Alto Amazonas][Loreto][Perú],POLITICAL_LEVEL_4,2518632,1088477,1430155,43.22
060901,95,Perú,Cajamarca,San Ignacio,San Ignacio,"LEVEL_4,LEVEL_3,LEVEL_2,LEVEL_1",INEI,2023,1822,[San Ignacio][San Ignacio][Cajamarca][Perú],POLITICAL_LEVEL_4,401836,173336,228500,43.14
010706,95,Perú,Amazonas,Utcubamba,Lonya Grande,"LEVEL_4,LEVEL_3,LEVEL_2,LEVEL_1",INEI,2023,1285,[Lonya Grande][Utcubamba][Amazonas][Perú],POLITICAL_LEVEL_4,359917,154778,205139,43.0
220511,95,Perú,San Martin,Lamas,Zapatero,"LEVEL_4,LEVEL_3,LEVEL_2,LEVEL_1",INEI,2023,1331,[Zapatero][Lamas][San Martin][Perú],POLITICAL_LEVEL_4,197838,84737,113101,42.83
060811,95,Perú,Cajamarca,Jaen,San Jose Del Alto,"LEVEL_4,LEVEL_3,LEVEL_2,LEVEL_1",INEI,2023,1021,[San Jose Del Alto][Jaen][Cajamarca][Perú],POLITICAL_LEVEL_4,568865,242875,325990,42.69
010204,95,Perú,Amazonas,Bagua,El Parco,"LEVEL_4,LEVEL_3,LEVEL_2,LEVEL_1",INEI,2023,1058,[El Parco][Bagua][Amazonas][Perú],POLITICAL_LEVEL_4,10787,4568,6219,42.35
220401,95,Perú,San Martin,Huallaga,Saposoa,"LEVEL_4,LEVEL_3,LEVEL_2,LEVEL_1",INEI,2023,1074,[Saposoa][Huallaga][San Martin][Perú],POLITICAL_LEVEL_4,594851,250886,343965,42.18
010507,95,Perú,Amazonas,Luya,Longuita,"LEVEL_4,LEVEL_3,LEVEL_2,LEVEL_1",INEI,2023,1256,[Longuita][Luya][Amazonas][Perú],POLITICAL_LEVEL_4,39082,16345,22737,41.82
220908,95,Perú,San Martin,San Martin,Juan Guerra,"LEVEL_4,LEVEL_3,LEVEL_2,LEVEL_1",INEI,2023,1330,[Juan Guerra][San Martin][San Martin][Perú],POLITICAL_LEVEL_4,218067,91168,126899,41.81
220808,95,Perú,San Martin,Rioja,Yorongos,"LEVEL_4,LEVEL_3,LEVEL_2,LEVEL_1",INEI,2023,1349,[Yorongos][Rioja][San Martin][Perú],POLITICAL_LEVEL_4,93049,38800,54249,41.7
120607,95,Perú,Junin,Satipo,Rio Negro,"LEVEL_4,LEVEL_3,LEVEL_2,LEVEL_1",INEI,2023,1560,[Rio Negro][Satipo][Junin][Perú],POLITICAL_LEVEL_4,559483,233266,326217,41.69
010502,95,Perú,Amazonas,Luya,Camporredondo,"LEVEL_4,LEVEL_3,LEVEL_2,LEVEL_1",INEI,2023,1272,[Camporredondo][Luya][Amazonas][Perú],POLITICAL_LEVEL_4,195802,81449,114353,41.6
060904,95,Perú,Cajamarca,San Ignacio,La Coipa,"LEVEL_4,LEVEL_3,LEVEL_2,LEVEL_1",INEI,2023,1480,[La Coipa][San Ignacio][Cajamarca][Perú],POLITICAL_LEVEL_4,427677,176700,250977,41.32
250106,95,Perú,Ucayali,Coronel Portillo,Nueva Requena,"LEVEL_4,LEVEL_3,LEVEL_2,LEVEL_1",INEI,2023,969,[Nueva Requena][Coronel Portillo][Ucayali][Perú],POLITICAL_LEVEL_4,2335288,964461,1370827,41.3
220802,95,Perú,San Martin,Rioja,Awajun,"LEVEL_4,LEVEL_3,LEVEL_2,LEVEL_1",INEI,2023,1005,[Awajun][Rioja][San Martin][Perú],POLITICAL_LEVEL_4,573322,234965,338357,40.98
060812,95,Perú,Cajamarca,Jaen,Santa Rosa,"LEVEL_4,LEVEL_3,LEVEL_2,LEVEL_1",INEI,2023,1370,[Santa Rosa][Jaen][Cajamarca][Perú],POLITICAL_LEVEL_4,260486,106407,154079,40.85
250302,95,Perú,Ucayali,Padre Abad,Irazola,"LEVEL_4,LEVEL_3,LEVEL_2,LEVEL_1",INEI,2023,961,[Irazola][Padre Abad][Ucayali][Perú],POLITICAL_LEVEL_4,2131944,870523,1261421,40.83
010109,95,Perú,Amazonas,Chachapoyas,La Jalca,"LEVEL_4,LEVEL_3,LEVEL_2,LEVEL_1",INEI,2023,1246,[La Jalca][Chachapoyas][Amazonas][Perú],POLITICAL_LEVEL_4,140726,57080,83646,40.56
220906,95,Perú,San Martin,San Martin,El Porvenir,"LEVEL_4,LEVEL_3,LEVEL_2,LEVEL_1",INEI,2023,1348,[El Porvenir][San Martin][San Martin][Perú],POLITICAL_LEVEL_4,553548,223905,329643,40.45
010206,95,Perú,Amazonas,Bagua,La Peca,"LEVEL_4,LEVEL_3,LEVEL_2,LEVEL_1",INEI,2023,1060,[La Peca][Bagua][Amazonas][Perú],POLITICAL_LEVEL_4,133440,53542,79898,40.12
220707,95,Perú,San Martin,Picota,San Hilarion,"LEVEL_4,LEVEL_3,LEVEL_2,LEVEL_1",INEI,2023,904,[San Hilarion][Picota][San Martin][Perú],POLITICAL_LEVEL_4,118744,47519,71225,40.02
220806,95,Perú,San Martin,Rioja,Posic,"LEVEL_4,LEVEL_3,LEVEL_2,LEVEL_1",INEI,2023,1001,[Posic][Rioja][San Martin][Perú],POLITICAL_LEVEL_4,60252,24106,36146,40.01
220406,95,Perú,San Martin,Huallaga,Tingo De Saposoa,"LEVEL_4,LEVEL_3,LEVEL_2,LEVEL_1",INEI,2023,898,[Tingo De Saposoa][Huallaga][San Martin][Perú],POLITICAL_LEVEL_4,53693,21079,32614,39.26
100901,95,Perú,Huanuco,Puerto Inca,Puerto Inca,"LEVEL_4,LEVEL_3,LEVEL_2,LEVEL_1",INEI,2023,812,[Puerto Inca][Puerto Inca][Huanuco][Perú],POLITICAL_LEVEL_4,2715919,1065456,1650463,39.23
010513,95,Perú,Amazonas,Luya,Ocumal,"LEVEL_4,LEVEL_3,LEVEL_2,LEVEL_1",INEI,2023,1266,[Ocumal][Luya][Amazonas][Perú],POLITICAL_LEVEL_4,349025,136317,212708,39.06
010105,95,Perú,Amazonas,Chachapoyas,Chiliquin,"LEVEL_4,LEVEL_3,LEVEL_2,LEVEL_1",INEI,2023,1283,[Chiliquin][Chachapoyas][Amazonas][Perú],POLITICAL_LEVEL_4,160342,62492,97850,38.97
220105,95,Perú,San Martin,Moyobamba,Soritor,"LEVEL_4,LEVEL_3,LEVEL_2,LEVEL_1",INEI,2023,1647,[Soritor][Moyobamba][San Martin][Perú],POLITICAL_LEVEL_4,659075,255600,403475,38.78
220201,95,Perú,San Martin,Bellavista,Bellavista,"LEVEL_4,LEVEL_3,LEVEL_2,LEVEL_1",INEI,2023,905,[Bellavista][Bellavista][San Martin][Perú],POLITICAL_LEVEL_4,294028,113950,180078,38.75
060803,95,Perú,Cajamarca,Jaen,Chontali,"LEVEL_4,LEVEL_3,LEVEL_2,LEVEL_1",INEI,2023,1022,[Chontali][Jaen][Cajamarca][Perú],POLITICAL_LEVEL_4,521791,202075,319716,38.73
010511,95,Perú,Amazonas,Luya,Maria,"LEVEL_4,LEVEL_3,LEVEL_2,LEVEL_1",INEI,2023,1252,[Maria][Luya][Amazonas][Perú],POLITICAL_LEVEL_4,63361,24496,38865,38.66
100605,95,Perú,Huanuco,Leoncio Prado,Luyando,"LEVEL_4,LEVEL_3,LEVEL_2,LEVEL_1",INEI,2023,855,[Luyando][Leoncio Prado][Huanuco][Perú],POLITICAL_LEVEL_4,127998,49298,78700,38.51
010307,95,Perú,Amazonas,Bongara,Jazan,"LEVEL_4,LEVEL_3,LEVEL_2,LEVEL_1",INEI,2023,1289,[Jazan][Bongara][Amazonas][Perú],POLITICAL_LEVEL_4,86069,32841,53228,38.16
010102,95,Perú,Amazonas,Chachapoyas,Asuncion,"LEVEL_4,LEVEL_3,LEVEL_2,LEVEL_1",INEI,2023,1288,[Asuncion][Chachapoyas][Amazonas][Perú],POLITICAL_LEVEL_4,39892,15151,24741,37.98
010510,95,Perú,Amazonas,Luya,Luya Viejo,"LEVEL_4,LEVEL_3,LEVEL_2,LEVEL_1",INEI,2023,1286,[Luya Viejo][Luya][Amazonas][Perú],POLITICAL_LEVEL_4,77576,29401,48175,37.9
010521,95,Perú,Amazonas,Luya,Santo Tomas,"LEVEL_4,LEVEL_3,LEVEL_2,LEVEL_1",INEI,2023,1241,[Santo Tomas][Luya][Amazonas][Perú],POLITICAL_LEVEL_4,82767,31322,51445,37.84
100601,95,Perú,Huanuco,Leoncio Prado,Rupa-Rupa,"LEVEL_4,LEVEL_3,LEVEL_2,LEVEL_1",INEI,2023,1532,[Rupa-Rupa][Leoncio Prado][Huanuco][Perú],POLITICAL_LEVEL_4,298195,111487,186708,37.39
010305,95,Perú,Amazonas,Bongara,Cuispes,"LEVEL_4,LEVEL_3,LEVEL_2,LEVEL_1",INEI,2023,1292,[Cuispes][Bongara][Amazonas][Perú],POLITICAL_LEVEL_4,109406,40667,68739,37.17
060905,95,Perú,Cajamarca,San Ignacio,Namballe,"LEVEL_4,LEVEL_3,LEVEL_2,LEVEL_1",INEI,2023,1823,[Namballe][San Ignacio][Cajamarca][Perú],POLITICAL_LEVEL_4,712847,264891,447956,37.16
010119,95,Perú,Amazonas,Chachapoyas,San Isidro De Maino,"LEVEL_4,LEVEL_3,LEVEL_2,LEVEL_1",INEI,2023,1260,[San Isidro De Maino][Chachapoyas][Amazonas][Perú],POLITICAL_LEVEL_4,122539,45503,77036,37.13
010103,95,Perú,Amazonas,Chachapoyas,Balsas,"LEVEL_4,LEVEL_3,LEVEL_2,LEVEL_1",INEI,2023,1234,[Balsas][Chachapoyas][Amazonas][Perú],POLITICAL_LEVEL_4,114050,42195,71855,37.0
220912,95,Perú,San Martin,San Martin,San Antonio,"LEVEL_4,LEVEL_3,LEVEL_2,LEVEL_1",INEI,2023,1237,[San Antonio][San Martin][San Martin][Perú],POLITICAL_LEVEL_4,89079,32586,56493,36.58
220903,95,Perú,San Martin,San Martin,Cacatachi,"LEVEL_4,LEVEL_3,LEVEL_2,LEVEL_1",INEI,2023,977,[Cacatachi][San Martin][San Martin][Perú],POLITICAL_LEVEL_4,59830,21808,38022,36.45
120602,95,Perú,Junin,Satipo,Coviriali,"LEVEL_4,LEVEL_3,LEVEL_2,LEVEL_1",INEI,2023,666,[Coviriali][Satipo][Junin][Perú],POLITICAL_LEVEL_4,112222,40903,71319,36.45
120304,95,Perú,Junin,Chanchamayo,San Luis De Shuaro,"LEVEL_4,LEVEL_3,LEVEL_2,LEVEL_1",INEI,2023,869,[San Luis De Shuaro][Chanchamayo][Junin][Perú],POLITICAL_LEVEL_4,221016,80465,140551,36.41
120601,95,Perú,Junin,Satipo,Satipo,"LEVEL_4,LEVEL_3,LEVEL_2,LEVEL_1",INEI,2023,1557,[Satipo][Satipo][Junin][Perú],POLITICAL_LEVEL_4,934256,339807,594449,36.37
010112,95,Perú,Amazonas,Chachapoyas,Magdalena,"LEVEL_4,LEVEL_3,LEVEL_2,LEVEL_1",INEI,2023,1255,[Magdalena][Chachapoyas][Amazonas][Perú],POLITICAL_LEVEL_4,153609,54831,98778,35.7
010110,95,Perú,Amazonas,Chachapoyas,Leimebamba,"LEVEL_4,LEVEL_3,LEVEL_2,LEVEL_1",INEI,2023,1235,[Leimebamba][Chachapoyas][Amazonas][Perú],POLITICAL_LEVEL_4,245000,87234,157766,35.61
220102,95,Perú,San Martin,Moyobamba,Calzada,"LEVEL_4,LEVEL_3,LEVEL_2,LEVEL_1",INEI,2023,990,[Calzada][Moyobamba][San Martin][Perú],POLITICAL_LEVEL_4,131637,46824,84813,35.57
060902,95,Perú,Cajamarca,San Ignacio,Chirinos,"LEVEL_4,LEVEL_3,LEVEL_2,LEVEL_1",INEI,2023,1375,[Chirinos][San Ignacio][Cajamarca][Perú],POLITICAL_LEVEL_4,284363,100354,184009,35.29
010610,95,Perú,Amazonas,Rodriguez De Mendoza,Santa Rosa,"LEVEL_4,LEVEL_3,LEVEL_2,LEVEL_1",INEI,2023,1262,[Santa Rosa][Rodriguez De Mendoza][Amazonas][Perú],POLITICAL_LEVEL_4,23172,8131,15041,35.09
220503,95,Perú,San Martin,Lamas,Barranquita,"LEVEL_4,LEVEL_3,LEVEL_2,LEVEL_1",INEI,2023,1346,[Barranquita][Lamas][San Martin][Perú],POLITICAL_LEVEL_4,1193279,418397,774882,35.06
010503,95,Perú,Amazonas,Luya,Cocabamba,"LEVEL_4,LEVEL_3,LEVEL_2,LEVEL_1",INEI,2023,1242,[Cocabamba][Luya][Amazonas][Perú],POLITICAL_LEVEL_4,194956,68320,126636,35.04
220801,95,Perú,San Martin,Rioja,Rioja,"LEVEL_4,LEVEL_3,LEVEL_2,LEVEL_1",INEI,2023,1649,[Rioja][Rioja][San Martin][Perú],POLITICAL_LEVEL_4,236785,82939,153846,35.03
220703,95,Perú,San Martin,Picota,Caspisapa,"LEVEL_4,LEVEL_3,LEVEL_2,LEVEL_1",INEI,2023,829,[Caspisapa][Picota][San Martin][Perú],POLITICAL_LEVEL_4,86482,30282,56200,35.02
080904,95,Perú,Cusco,La Convencion,Maranura,"LEVEL_4,LEVEL_3,LEVEL_2,LEVEL_1",INEI,2023,433,[Maranura][La Convencion][Cusco][Perú],POLITICAL_LEVEL_4,190329,66565,123764,34.97
010117,95,Perú,Amazonas,Chachapoyas,Quinjalca,"LEVEL_4,LEVEL_3,LEVEL_2,LEVEL_1",INEI,2023,1279,[Quinjalca][Chachapoyas][Amazonas][Perú],POLITICAL_LEVEL_4,93879,32784,61095,34.92
060805,95,Perú,Cajamarca,Jaen,Huabal,"LEVEL_4,LEVEL_3,LEVEL_2,LEVEL_1",INEI,2023,1376,[Huabal][Jaen][Cajamarca][Perú],POLITICAL_LEVEL_4,93818,32751,61067,34.91
250303,95,Perú,Ucayali,Padre Abad,Curimana,"LEVEL_4,LEVEL_3,LEVEL_2,LEVEL_1",INEI,2023,963,[Curimana][Padre Abad][Ucayali][Perú],POLITICAL_LEVEL_4,2130961,742492,1388469,34.84
010308,95,Perú,Amazonas,Bongara,Recta,"LEVEL_4,LEVEL_3,LEVEL_2,LEVEL_1",INEI,2023,1290,[Recta][Bongara][Amazonas][Perú],POLITICAL_LEVEL_4,32037,11140,20897,34.77
010115,95,Perú,Amazonas,Chachapoyas,Montevideo,"LEVEL_4,LEVEL_3,LEVEL_2,LEVEL_1",INEI,2023,1238,[Montevideo][Chachapoyas][Amazonas][Perú],POLITICAL_LEVEL_4,139737,48503,91234,34.71
010114,95,Perú,Amazonas,Chachapoyas,Molinopampa,"LEVEL_4,LEVEL_3,LEVEL_2,LEVEL_1",INEI,2023,726,[Molinopampa][Chachapoyas][Amazonas][Perú],POLITICAL_LEVEL_4,384895,133426,251469,34.67
060801,95,Perú,Cajamarca,Jaen,Jaen,"LEVEL_4,LEVEL_3,LEVEL_2,LEVEL_1",INEI,2023,1520,[Jaen][Jaen][Cajamarca][Perú],POLITICAL_LEVEL_4,454008,156408,297600,34.45
210310,95,Perú,Puno,Carabaya,Usicayos,"LEVEL_4,LEVEL_3,LEVEL_2,LEVEL_1",INEI,2023,216,[Usicayos][Carabaya][Puno][Perú],POLITICAL_LEVEL_4,42971,14632,28339,34.05
100104,95,Perú,Huanuco,Huanuco,Churubamba,"LEVEL_4,LEVEL_3,LEVEL_2,LEVEL_1",INEI,2023,799,[Churubamba][Huanuco][Huanuco][Perú],POLITICAL_LEVEL_4,100698,34245,66453,34.01
010120,95,Perú,Amazonas,Chachapoyas,Soloco,"LEVEL_4,LEVEL_3,LEVEL_2,LEVEL_1",INEI,2023,1268,[Soloco][Chachapoyas][Amazonas][Perú],POLITICAL_LEVEL_4,85323,28993,56330,33.98
100113,95,Perú,Huanuco,Huanuco,San Pablo De Pillao,"LEVEL_4,LEVEL_3,LEVEL_2,LEVEL_1",INEI,2023,1220,[San Pablo De Pillao][Huanuco][Huanuco][Perú],POLITICAL_LEVEL_4,675194,227316,447878,33.67
010602,95,Perú,Amazonas,Rodriguez De Mendoza,Chirimoto,"LEVEL_4,LEVEL_3,LEVEL_2,LEVEL_1",INEI,2023,1243,[Chirimoto][Rodriguez De Mendoza][Amazonas][Perú],POLITICAL_LEVEL_4,174521,58674,115847,33.62
100603,95,Perú,Huanuco,Leoncio Prado,Hermilio Valdizan,"LEVEL_4,LEVEL_3,LEVEL_2,LEVEL_1",INEI,2023,1227,[Hermilio Valdizan][Leoncio Prado][Huanuco][Perú],POLITICAL_LEVEL_4,326199,108921,217278,33.39
010111,95,Perú,Amazonas,Chachapoyas,Levanto,"LEVEL_4,LEVEL_3,LEVEL_2,LEVEL_1",INEI,2023,1263,[Levanto][Chachapoyas][Amazonas][Perú],POLITICAL_LEVEL_4,85460,28442,57018,33.28
010518,95,Perú,Amazonas,Luya,San Jeronimo,"LEVEL_4,LEVEL_3,LEVEL_2,LEVEL_1",INEI,2023,1054,[San Jeronimo][Luya][Amazonas][Perú],POLITICAL_LEVEL_4,235689,78247,157442,33.2
010609,95,Perú,Amazonas,Rodriguez De Mendoza,Omia,"LEVEL_4,LEVEL_3,LEVEL_2,LEVEL_1",INEI,2023,1261,[Omia][Rodriguez De Mendoza][Amazonas][Perú],POLITICAL_LEVEL_4,254737,84445,170292,33.15
100902,95,Perú,Huanuco,Puerto Inca,Codo Del Pozuzo,"LEVEL_4,LEVEL_3,LEVEL_2,LEVEL_1",INEI,2023,813,[Codo Del Pozuzo][Puerto Inca][Huanuco][Perú],POLITICAL_LEVEL_4,3661868,1210950,2450918,33.07
010113,95,Perú,Amazonas,Chachapoyas,Mariscal Castilla,"LEVEL_4,LEVEL_3,LEVEL_2,LEVEL_1",INEI,2023,1236,[Mariscal Castilla][Chachapoyas][Amazonas][Perú],POLITICAL_LEVEL_4,89574,29598,59976,33.04
220101,95,Perú,San Martin,Moyobamba,Moyobamba,"LEVEL_4,LEVEL_3,LEVEL_2,LEVEL_1",INEI,2023,1646,[Moyobamba][Moyobamba][San Martin][Perú],POLITICAL_LEVEL_4,3042006,1004569,2037437,33.02
010310,95,Perú,Amazonas,Bongara,Shipasbamba,"LEVEL_4,LEVEL_3,LEVEL_2,LEVEL_1",INEI,2023,1293,[Shipasbamba][Bongara][Amazonas][Perú],POLITICAL_LEVEL_4,142183,46758,95425,32.89
010311,95,Perú,Amazonas,Bongara,Valera,"LEVEL_4,LEVEL_3,LEVEL_2,LEVEL_1",INEI,2023,1282,[Valera][Bongara][Amazonas][Perú],POLITICAL_LEVEL_4,88735,28833,59902,32.49
060907,95,Perú,Cajamarca,San Ignacio,Tabaconas,"LEVEL_4,LEVEL_3,LEVEL_2,LEVEL_1",INEI,2023,1481,[Tabaconas][San Ignacio][Cajamarca][Perú],POLITICAL_LEVEL_4,871106,282301,588805,32.41
120427,95,Perú,Junin,Jauja,Ricran,"LEVEL_4,LEVEL_3,LEVEL_2,LEVEL_1",INEI,2023,625,[Ricran][Jauja][Junin][Perú],POLITICAL_LEVEL_4,709,226,483,31.88
010506,95,Perú,Amazonas,Luya,Inguilpata,"LEVEL_4,LEVEL_3,LEVEL_2,LEVEL_1",INEI,2023,1270,[Inguilpata][Luya][Amazonas][Perú],POLITICAL_LEVEL_4,132625,42257,90368,31.86
160112,95,Perú,Loreto,Maynas,Belen,"LEVEL_4,LEVEL_3,LEVEL_2,LEVEL_1",INEI,2023,1602,[Belen][Maynas][Loreto][Perú],POLITICAL_LEVEL_4,735637,234301,501336,31.85
200303,95,Perú,Piura,Huancabamba,El Carmen De La Frontera,"LEVEL_4,LEVEL_3,LEVEL_2,LEVEL_1",INEI,2023,1824,[El Carmen De La Frontera][Huancabamba][Piura][Perú],POLITICAL_LEVEL_4,559488,177343,382145,31.7
220803,95,Perú,San Martin,Rioja,Elias Soplin Vargas,"LEVEL_4,LEVEL_3,LEVEL_2,LEVEL_1",INEI,2023,1650,[Elias Soplin Vargas][Rioja][San Martin][Perú],POLITICAL_LEVEL_4,191857,60744,131113,31.66
220506,95,Perú,San Martin,Lamas,Pinto Recodo,"LEVEL_4,LEVEL_3,LEVEL_2,LEVEL_1",INEI,2023,1347,[Pinto Recodo][Lamas][San Martin][Perú],POLITICAL_LEVEL_4,633053,199733,433320,31.55
010517,95,Perú,Amazonas,Luya,San Francisco Del Yeso,"LEVEL_4,LEVEL_3,LEVEL_2,LEVEL_1",INEI,2023,1239,[San Francisco Del Yeso][Luya][Amazonas][Perú],POLITICAL_LEVEL_4,173202,54344,118858,31.38
120303,95,Perú,Junin,Chanchamayo,Pichanaqui,"LEVEL_4,LEVEL_3,LEVEL_2,LEVEL_1",INEI,2023,1553,[Pichanaqui][Chanchamayo][Junin][Perú],POLITICAL_LEVEL_4,1361171,425501,935670,31.26
080908,95,Perú,Cusco,La Convencion,Santa Teresa,"LEVEL_4,LEVEL_3,LEVEL_2,LEVEL_1",INEI,2023,438,[Santa Teresa][La Convencion][Cusco][Perú],POLITICAL_LEVEL_4,672649,209997,462652,31.22
100103,95,Perú,Huanuco,Huanuco,Chinchao,"LEVEL_4,LEVEL_3,LEVEL_2,LEVEL_1",INEI,2023,842,[Chinchao][Huanuco][Huanuco][Perú],POLITICAL_LEVEL_4,786998,245013,541985,31.13
010202,95,Perú,Amazonas,Bagua,Aramango,"LEVEL_4,LEVEL_3,LEVEL_2,LEVEL_1",INEI,2023,1061,[Aramango][Bagua][Amazonas][Perú],POLITICAL_LEVEL_4,867327,268230,599097,30.93
010606,95,Perú,Amazonas,Rodriguez De Mendoza,Longar,"LEVEL_4,LEVEL_3,LEVEL_2,LEVEL_1",INEI,2023,1259,[Longar][Rodriguez De Mendoza][Amazonas][Perú],POLITICAL_LEVEL_4,93588,28662,64926,30.63
160101,95,Perú,Loreto,Maynas,Iquitos,"LEVEL_4,LEVEL_3,LEVEL_2,LEVEL_1",INEI,2023,1622,[Iquitos][Maynas][Loreto][Perú],POLITICAL_LEVEL_4,414693,126612,288081,30.53
221001,95,Perú,San Martin,Tocache,Tocache,"LEVEL_4,LEVEL_3,LEVEL_2,LEVEL_1",INEI,2023,1473,[Tocache][Tocache][San Martin][Perú],POLITICAL_LEVEL_4,1141914,347168,794746,30.4
080901,95,Perú,Cusco,La Convencion,Santa Ana,"LEVEL_4,LEVEL_3,LEVEL_2,LEVEL_1",INEI,2023,1493,[Santa Ana][La Convencion][Cusco][Perú],POLITICAL_LEVEL_4,439465,133124,306341,30.29
050409,95,Perú,Ayacucho,Huanta,Canayre,"LEVEL_4,LEVEL_3,LEVEL_2,LEVEL_1",INEI,2023,478,[Canayre][Huanta][Ayacucho][Perú],POLITICAL_LEVEL_4,310183,93752,216431,30.22
221002,95,Perú,San Martin,Tocache,Nuevo Progreso,"LEVEL_4,LEVEL_3,LEVEL_2,LEVEL_1",INEI,2023,888,[Nuevo Progreso][Tocache][San Martin][Perú],POLITICAL_LEVEL_4,936488,282485,654003,30.16
100609,95,Perú,Huanuco,Leoncio Prado,Pueblo Nuevo,"LEVEL_4,LEVEL_3,LEVEL_2,LEVEL_1",INEI,2023,1225,[Pueblo Nuevo][Leoncio Prado][Huanuco][Perú],POLITICAL_LEVEL_4,365872,109547,256325,29.94
120302,95,Perú,Junin,Chanchamayo,Perene,"LEVEL_4,LEVEL_3,LEVEL_2,LEVEL_1",INEI,2023,1552,[Perene][Chanchamayo][Junin][Perú],POLITICAL_LEVEL_4,1650475,493889,1156586,29.92
080903,95,Perú,Cusco,La Convencion,Huayopata,"LEVEL_4,LEVEL_3,LEVEL_2,LEVEL_1",INEI,2023,431,[Huayopata][La Convencion][Cusco][Perú],POLITICAL_LEVEL_4,438468,130867,307601,29.85
010604,95,Perú,Amazonas,Rodriguez De Mendoza,Huambo,"LEVEL_4,LEVEL_3,LEVEL_2,LEVEL_1",INEI,2023,1254,[Huambo][Rodriguez De Mendoza][Amazonas][Perú],POLITICAL_LEVEL_4,88220,26181,62039,29.68
010512,95,Perú,Amazonas,Luya,Ocalli,"LEVEL_4,LEVEL_3,LEVEL_2,LEVEL_1",INEI,2023,723,[Ocalli][Luya][Amazonas][Perú],POLITICAL_LEVEL_4,187035,54043,132992,28.89
010101,95,Perú,Amazonas,Chachapoyas,Chachapoyas,"LEVEL_4,LEVEL_3,LEVEL_2,LEVEL_1",INEI,2023,1453,[Chachapoyas][Chachapoyas][Amazonas][Perú],POLITICAL_LEVEL_4,173650,50087,123563,28.84
060903,95,Perú,Cajamarca,San Ignacio,Huarango,"LEVEL_4,LEVEL_3,LEVEL_2,LEVEL_1",INEI,2023,1826,[Huarango][San Ignacio][Cajamarca][Perú],POLITICAL_LEVEL_4,1024474,293381,731093,28.64
010116,95,Perú,Amazonas,Chachapoyas,Olleros,"LEVEL_4,LEVEL_3,LEVEL_2,LEVEL_1",INEI,2023,1056,[Olleros][Chachapoyas][Amazonas][Perú],POLITICAL_LEVEL_4,121131,34543,86588,28.52
010605,95,Perú,Amazonas,Rodriguez De Mendoza,Limabamba,"LEVEL_4,LEVEL_3,LEVEL_2,LEVEL_1",INEI,2023,1251,[Limabamba][Rodriguez De Mendoza][Amazonas][Perú],POLITICAL_LEVEL_4,694890,196511,498379,28.28
100804,95,Perú,Huanuco,Pachitea,Umari,"LEVEL_4,LEVEL_3,LEVEL_2,LEVEL_1",INEI,2023,801,[Umari][Pachitea][Huanuco][Perú],POLITICAL_LEVEL_4,157659,44421,113238,28.18
211205,95,Perú,Puno,Sandia,Phara,"LEVEL_4,LEVEL_3,LEVEL_2,LEVEL_1",INEI,2023,211,[Phara][Sandia][Puno][Perú],POLITICAL_LEVEL_4,330059,92559,237500,28.04
220504,95,Perú,San Martin,Lamas,Caynarachi,"LEVEL_4,LEVEL_3,LEVEL_2,LEVEL_1",INEI,2023,1344,[Caynarachi][Lamas][San Martin][Perú],POLITICAL_LEVEL_4,1434334,401171,1033163,27.97
211202,95,Perú,Puno,Sandia,Cuyocuyo,"LEVEL_4,LEVEL_3,LEVEL_2,LEVEL_1",INEI,2023,199,[Cuyocuyo][Sandia][Puno][Perú],POLITICAL_LEVEL_4,191,53,138,27.75
100702,95,Perú,Huanuco,Marañon,Cholon,"LEVEL_4,LEVEL_3,LEVEL_2,LEVEL_1",INEI,2023,825,[Cholon][Marañon][Huanuco][Perú],POLITICAL_LEVEL_4,1717093,472914,1244179,27.54
080905,95,Perú,Cusco,La Convencion,Ocobamba,"LEVEL_4,LEVEL_3,LEVEL_2,LEVEL_1",INEI,2023,434,[Ocobamba][La Convencion][Cusco][Perú],POLITICAL_LEVEL_4,681551,187660,493891,27.53
080404,95,Perú,Cusco,Calca,Lares,"LEVEL_4,LEVEL_3,LEVEL_2,LEVEL_1",INEI,2023,432,[Lares][Calca][Cusco][Perú],POLITICAL_LEVEL_4,24673,6793,17880,27.53
120609,95,Perú,Junin,Satipo,Vizcatán Del Ene,"LEVEL_4,LEVEL_3,LEVEL_2,LEVEL_1",INEI,2023,775,[Vizcatán Del Ene][Satipo][Junin][Perú],POLITICAL_LEVEL_4,698173,191865,506308,27.48
010304,95,Perú,Amazonas,Bongara,Corosha,"LEVEL_4,LEVEL_3,LEVEL_2,LEVEL_1",INEI,2023,1296,[Corosha][Bongara][Amazonas][Perú],POLITICAL_LEVEL_4,72919,19844,53075,27.21
081304,95,Perú,Cusco,Urubamba,Machupicchu,"LEVEL_4,LEVEL_3,LEVEL_2,LEVEL_1",INEI,2023,440,[Machupicchu][Urubamba][Cusco][Perú],POLITICAL_LEVEL_4,219196,59575,159621,27.18
100311,95,Perú,Huanuco,Dos De Mayo,Marias,"LEVEL_4,LEVEL_3,LEVEL_2,LEVEL_1",INEI,2023,848,[Marias][Dos De Mayo][Huanuco][Perú],POLITICAL_LEVEL_4,146711,39724,106987,27.08
081103,95,Perú,Cusco,Paucartambo,Challabamba,"LEVEL_4,LEVEL_3,LEVEL_2,LEVEL_1",INEI,2023,429,[Challabamba][Paucartambo][Cusco][Perú],POLITICAL_LEVEL_4,164948,44587,120361,27.03
221005,95,Perú,San Martin,Tocache,Uchiza,"LEVEL_4,LEVEL_3,LEVEL_2,LEVEL_1",INEI,2023,886,[Uchiza][Tocache][San Martin][Perú],POLITICAL_LEVEL_4,681350,183464,497886,26.93
220807,95,Perú,San Martin,Rioja,San Fernando,"LEVEL_4,LEVEL_3,LEVEL_2,LEVEL_1",INEI,2023,1004,[San Fernando][Rioja][San Martin][Perú],POLITICAL_LEVEL_4,79097,21247,57850,26.86
211204,95,Perú,Puno,Sandia,Patambuco,"LEVEL_4,LEVEL_3,LEVEL_2,LEVEL_1",INEI,2023,201,[Patambuco][Sandia][Puno][Perú],POLITICAL_LEVEL_4,112181,30128,82053,26.86
050512,95,Perú,Ayacucho,La Mar,Union Progreso,"LEVEL_4,LEVEL_3,LEVEL_2,LEVEL_1",INEI,2023,780,[Union Progreso][La Mar][Ayacucho][Perú],POLITICAL_LEVEL_4,45500,12209,33291,26.83
160503,95,Perú,Loreto,Requena,Capelo,"LEVEL_4,LEVEL_3,LEVEL_2,LEVEL_1",INEI,2023,1302,[Capelo][Requena][Loreto][Perú],POLITICAL_LEVEL_4,903125,241307,661818,26.72
220910,95,Perú,San Martin,San Martin,Morales,"LEVEL_4,LEVEL_3,LEVEL_2,LEVEL_1",INEI,2023,1463,[Morales][San Martin][San Martin][Perú],POLITICAL_LEVEL_4,57964,15389,42575,26.55
120604,95,Perú,Junin,Satipo,Mazamari,"LEVEL_4,LEVEL_3,LEVEL_2,LEVEL_1",INEI,2023,1558,[Mazamari][Satipo][Junin][Perú],POLITICAL_LEVEL_4,1440452,381487,1058965,26.48
010520,95,Perú,Amazonas,Luya,Santa Catalina,"LEVEL_4,LEVEL_3,LEVEL_2,LEVEL_1",INEI,2023,1284,[Santa Catalina][Luya][Amazonas][Perú],POLITICAL_LEVEL_4,186531,49177,137354,26.36
010603,95,Perú,Amazonas,Rodriguez De Mendoza,Cochamal,"LEVEL_4,LEVEL_3,LEVEL_2,LEVEL_1",INEI,2023,1264,[Cochamal][Rodriguez De Mendoza][Amazonas][Perú],POLITICAL_LEVEL_4,205140,54041,151099,26.34
010601,95,Perú,Amazonas,Rodriguez De Mendoza,San Nicolas,"LEVEL_4,LEVEL_3,LEVEL_2,LEVEL_1",INEI,2023,1257,[San Nicolas][Rodriguez De Mendoza][Amazonas][Perú],POLITICAL_LEVEL_4,116128,30409,85719,26.19
050408,95,Perú,Ayacucho,Huanta,Llochegua,"LEVEL_4,LEVEL_3,LEVEL_2,LEVEL_1",INEI,2023,477,[Llochegua][Huanta][Ayacucho][Perú],POLITICAL_LEVEL_4,520598,136022,384576,26.13
010519,95,Perú,Amazonas,Luya,San Juan De Lopecancha,"LEVEL_4,LEVEL_3,LEVEL_2,LEVEL_1",INEI,2023,1250,[San Juan De Lopecancha][Luya][Amazonas][Perú],POLITICAL_LEVEL_4,97096,25178,71918,25.93
160211,95,Perú,Loreto,Alto Amazonas,Teniente Cesar Lopez Rojas,"LEVEL_4,LEVEL_3,LEVEL_2,LEVEL_1",INEI,2023,1317,[Teniente Cesar Lopez Rojas][Alto Amazonas][Loreto][Perú],POLITICAL_LEVEL_4,1489698,385306,1104392,25.86
050511,95,Perú,Ayacucho,La Mar,Oronccoy,"LEVEL_4,LEVEL_3,LEVEL_2,LEVEL_1",INEI,2023,451,[Oronccoy][La Mar][Ayacucho][Perú],POLITICAL_LEVEL_4,187962,48455,139507,25.78
060804,95,Perú,Cajamarca,Jaen,Colasay,"LEVEL_4,LEVEL_3,LEVEL_2,LEVEL_1",INEI,2023,1025,[Colasay][Jaen][Cajamarca][Perú],POLITICAL_LEVEL_4,587544,150209,437335,25.57
010203,95,Perú,Amazonas,Bagua,Copallin,"LEVEL_4,LEVEL_3,LEVEL_2,LEVEL_1",INEI,2023,1300,[Copallin][Bagua][Amazonas][Perú],POLITICAL_LEVEL_4,79298,20183,59115,25.45
010504,95,Perú,Amazonas,Luya,Colcamar,"LEVEL_4,LEVEL_3,LEVEL_2,LEVEL_1",INEI,2023,1265,[Colcamar][Luya][Amazonas][Perú],POLITICAL_LEVEL_4,101406,25751,75655,25.39
080408,95,Perú,Cusco,Calca,Yanatile,"LEVEL_4,LEVEL_3,LEVEL_2,LEVEL_1",INEI,2023,436,[Yanatile][Calca][Cusco][Perú],POLITICAL_LEVEL_4,1663094,419849,1243245,25.25
220909,95,Perú,San Martin,San Martin,La Banda De Shilcayo,"LEVEL_4,LEVEL_3,LEVEL_2,LEVEL_1",INEI,2023,1653,[La Banda De Shilcayo][San Martin][San Martin][Perú],POLITICAL_LEVEL_4,302456,76210,226246,25.2
220103,95,Perú,San Martin,Moyobamba,Habana,"LEVEL_4,LEVEL_3,LEVEL_2,LEVEL_1",INEI,2023,1240,[Habana][Moyobamba][San Martin][Perú],POLITICAL_LEVEL_4,78377,19744,58633,25.19
211201,95,Perú,Puno,Sandia,Sandia,"LEVEL_4,LEVEL_3,LEVEL_2,LEVEL_1",INEI,2023,203,[Sandia][Sandia][Puno][Perú],POLITICAL_LEVEL_4,440479,108802,331677,24.7
100606,95,Perú,Huanuco,Leoncio Prado,Mariano Damaso Beraun,"LEVEL_4,LEVEL_3,LEVEL_2,LEVEL_1",INEI,2023,1534,[Mariano Damaso Beraun][Leoncio Prado][Huanuco][Perú],POLITICAL_LEVEL_4,847872,209397,638475,24.7
010508,95,Perú,Amazonas,Luya,Lonya Chico,"LEVEL_4,LEVEL_3,LEVEL_2,LEVEL_1",INEI,2023,1274,[Lonya Chico][Luya][Amazonas][Perú],POLITICAL_LEVEL_4,79425,19495,59930,24.55
170102,95,Perú,Madre De Dios,Tambopata,Inambari,"LEVEL_4,LEVEL_3,LEVEL_2,LEVEL_1",INEI,2023,633,[Inambari][Tambopata][Madre De Dios][Perú],POLITICAL_LEVEL_4,5571038,1349244,4221794,24.22
050507,95,Perú,Ayacucho,La Mar,Santa Rosa,"LEVEL_4,LEVEL_3,LEVEL_2,LEVEL_1",INEI,2023,473,[Santa Rosa][La Mar][Ayacucho][Perú],POLITICAL_LEVEL_4,348139,84109,264030,24.16
010523,95,Perú,Amazonas,Luya,Trita,"LEVEL_4,LEVEL_3,LEVEL_2,LEVEL_1",INEI,2023,722,[Trita][Luya][Amazonas][Perú],POLITICAL_LEVEL_4,16266,3917,12349,24.08
120603,95,Perú,Junin,Satipo,Llaylla,"LEVEL_4,LEVEL_3,LEVEL_2,LEVEL_1",INEI,2023,628,[Llaylla][Satipo][Junin][Perú],POLITICAL_LEVEL_4,298325,71667,226658,24.02
010516,95,Perú,Amazonas,Luya,San Cristobal,"LEVEL_4,LEVEL_3,LEVEL_2,LEVEL_1",INEI,2023,1280,[San Cristobal][Luya][Amazonas][Perú],POLITICAL_LEVEL_4,40803,9795,31008,24.01
080918,95,Perú,Cusco,La Convencion,Union Ashaninka,"LEVEL_4,LEVEL_3,LEVEL_2,LEVEL_1",INEI,2023,791,[Union Ashaninka][La Convencion][Cusco][Perú],POLITICAL_LEVEL_4,353320,84768,268552,23.99
221006,95,Perú,San Martin,Tocache,Santa Lucia,"LEVEL_4,LEVEL_3,LEVEL_2,LEVEL_1",INEI,2023,887,[Santa Lucia][Tocache][San Martin][Perú],POLITICAL_LEVEL_4,305838,73251,232587,23.95
100507,95,Perú,Huanuco,Huamalies,Monzon,"LEVEL_4,LEVEL_3,LEVEL_2,LEVEL_1",INEI,2023,809,[Monzon][Huamalies][Huanuco][Perú],POLITICAL_LEVEL_4,1320956,315697,1005259,23.9
170204,95,Perú,Madre De Dios,Manu,Huepetuhe,"LEVEL_4,LEVEL_3,LEVEL_2,LEVEL_1",INEI,2023,634,[Huepetuhe][Manu][Madre De Dios][Perú],POLITICAL_LEVEL_4,1753612,416332,1337280,23.74
010522,95,Perú,Amazonas,Luya,Tingo,"LEVEL_4,LEVEL_3,LEVEL_2,LEVEL_1",INEI,2023,1258,[Tingo][Luya][Amazonas][Perú],POLITICAL_LEVEL_4,113336,26894,86442,23.73
010302,95,Perú,Amazonas,Bongara,Chisquilla,"LEVEL_4,LEVEL_3,LEVEL_2,LEVEL_1",INEI,2023,1294,[Chisquilla][Bongara][Amazonas][Perú],POLITICAL_LEVEL_4,183133,43060,140073,23.51
211005,95,Perú,Puno,San Antonio de Putina,Sina,"LEVEL_4,LEVEL_3,LEVEL_2,LEVEL_1",INEI,2023,1697,[Sina][San Antonio de Putina][Puno][Perú],POLITICAL_LEVEL_4,124364,29197,95167,23.48
220804,95,Perú,San Martin,Rioja,Nueva Cajamarca,"LEVEL_4,LEVEL_3,LEVEL_2,LEVEL_1",INEI,2023,1651,[Nueva Cajamarca][Rioja][San Martin][Perú],POLITICAL_LEVEL_4,377989,88736,289253,23.48
220809,95,Perú,San Martin,Rioja,Yuracyacu,"LEVEL_4,LEVEL_3,LEVEL_2,LEVEL_1",INEI,2023,1003,[Yuracyacu][Rioja][San Martin][Perú],POLITICAL_LEVEL_4,70967,16620,54347,23.42
160603,95,Perú,Loreto,Ucayali,Padre Marquez,"LEVEL_4,LEVEL_3,LEVEL_2,LEVEL_1",INEI,2023,874,[Padre Marquez][Ucayali][Loreto][Perú],POLITICAL_LEVEL_4,2758153,644061,2114092,23.35
080906,95,Perú,Cusco,La Convencion,Quellouno,"LEVEL_4,LEVEL_3,LEVEL_2,LEVEL_1",INEI,2023,435,[Quellouno][La Convencion][Cusco][Perú],POLITICAL_LEVEL_4,2207594,508260,1699334,23.02
010301,95,Perú,Amazonas,Bongara,Jumbilla,"LEVEL_4,LEVEL_3,LEVEL_2,LEVEL_1",INEI,2023,1291,[Jumbilla][Bongara][Amazonas][Perú],POLITICAL_LEVEL_4,180343,41469,138874,22.99
080917,95,Perú,Cusco,La Convencion,Manitea,"LEVEL_4,LEVEL_3,LEVEL_2,LEVEL_1",INEI,2023,787,[Manitea][La Convencion][Cusco][Perú],POLITICAL_LEVEL_4,164812,37890,126922,22.99
010607,95,Perú,Amazonas,Rodriguez De Mendoza,Mariscal Benavides,"LEVEL_4,LEVEL_3,LEVEL_2,LEVEL_1",INEI,2023,1273,[Mariscal Benavides][Rodriguez De Mendoza][Amazonas][Perú],POLITICAL_LEVEL_4,229377,52702,176675,22.98
190304,95,Perú,Pasco,Oxapampa,Palcazu,"LEVEL_4,LEVEL_3,LEVEL_2,LEVEL_1",INEI,2023,915,[Palcazu][Oxapampa][Pasco][Perú],POLITICAL_LEVEL_4,3175297,728296,2447001,22.94
080911,95,Perú,Cusco,La Convencion,Inkawasi,"LEVEL_4,LEVEL_3,LEVEL_2,LEVEL_1",INEI,2023,391,[Inkawasi][La Convencion][Cusco][Perú],POLITICAL_LEVEL_4,541389,122504,418885,22.63
100610,95,Perú,Huanuco,Leoncio Prado,Santo Domingo De Anda,"LEVEL_4,LEVEL_3,LEVEL_2,LEVEL_1",INEI,2023,1226,[Santo Domingo De Anda][Leoncio Prado][Huanuco][Perú],POLITICAL_LEVEL_4,319872,72040,247832,22.52
080909,95,Perú,Cusco,La Convencion,Vilcabamba,"LEVEL_4,LEVEL_3,LEVEL_2,LEVEL_1",INEI,2023,439,[Vilcabamba][La Convencion][Cusco][Perú],POLITICAL_LEVEL_4,1742940,390018,1352922,22.38
060807,95,Perú,Cajamarca,Jaen,Pomahuaca,"LEVEL_4,LEVEL_3,LEVEL_2,LEVEL_1",INEI,2023,1024,[Pomahuaca][Jaen][Cajamarca][Perú],POLITICAL_LEVEL_4,614182,136951,477231,22.3
211206,95,Perú,Puno,Sandia,Quiaca,"LEVEL_4,LEVEL_3,LEVEL_2,LEVEL_1",INEI,2023,209,[Quiaca][Sandia][Puno][Perú],POLITICAL_LEVEL_4,110319,24511,85808,22.22
250307,95,Perú,Ucayali,Padre Abad,Boqueron,"LEVEL_4,LEVEL_3,LEVEL_2,LEVEL_1",INEI,2023,1229,[Boqueron][Padre Abad][Ucayali][Perú],POLITICAL_LEVEL_4,624988,138095,486893,22.1
100802,95,Perú,Huanuco,Pachitea,Chaglla,"LEVEL_4,LEVEL_3,LEVEL_2,LEVEL_1",INEI,2023,845,[Chaglla][Pachitea][Huanuco][Perú],POLITICAL_LEVEL_4,1208886,265235,943651,21.94
080910,95,Perú,Cusco,La Convencion,Pichari,"LEVEL_4,LEVEL_3,LEVEL_2,LEVEL_1",INEI,2023,1494,[Pichari][La Convencion][Cusco][Perú],POLITICAL_LEVEL_4,583338,127953,455385,21.93
081209,95,Perú,Cusco,Quispicanchi,Marcapata,"LEVEL_4,LEVEL_3,LEVEL_2,LEVEL_1",INEI,2023,487,[Marcapata][Quispicanchi][Cusco][Perú],POLITICAL_LEVEL_4,239939,52471,187468,21.87
080916,95,Perú,Cusco,La Convencion,Cielo Punco,"LEVEL_4,LEVEL_3,LEVEL_2,LEVEL_1",INEI,2023,786,[Cielo Punco][La Convencion][Cusco][Perú],POLITICAL_LEVEL_4,118237,25840,92397,21.85
010118,95,Perú,Amazonas,Chachapoyas,San Francisco De Daguas,"LEVEL_4,LEVEL_3,LEVEL_2,LEVEL_1",INEI,2023,1271,[San Francisco De Daguas][Chachapoyas][Amazonas][Perú],POLITICAL_LEVEL_4,46192,10039,36153,21.73
190307,95,Perú,Pasco,Oxapampa,Villa Rica,"LEVEL_4,LEVEL_3,LEVEL_2,LEVEL_1",INEI,2023,910,[Villa Rica][Oxapampa][Pasco][Perú],POLITICAL_LEVEL_4,940127,204141,735986,21.71
010121,95,Perú,Amazonas,Chachapoyas,Sonche,"LEVEL_4,LEVEL_3,LEVEL_2,LEVEL_1",INEI,2023,727,[Sonche][Chachapoyas][Amazonas][Perú],POLITICAL_LEVEL_4,136151,29120,107031,21.39
200301,95,Perú,Piura,Huancabamba,Huancabamba,"LEVEL_4,LEVEL_3,LEVEL_2,LEVEL_1",INEI,2023,1614,[Huancabamba][Huancabamba][Piura][Perú],POLITICAL_LEVEL_4,88169,18793,69376,21.31
050503,95,Perú,Ayacucho,La Mar,Ayna,"LEVEL_4,LEVEL_3,LEVEL_2,LEVEL_1",INEI,2023,474,[Ayna][La Mar][Ayacucho][Perú],POLITICAL_LEVEL_4,237336,50515,186821,21.28
050407,95,Perú,Ayacucho,Huanta,Sivia,"LEVEL_4,LEVEL_3,LEVEL_2,LEVEL_1",INEI,2023,476,[Sivia][Huanta][Ayacucho][Perú],POLITICAL_LEVEL_4,704115,149545,554570,21.24
100604,95,Perú,Huanuco,Leoncio Prado,Jose Crespo Y Castillo,"LEVEL_4,LEVEL_3,LEVEL_2,LEVEL_1",INEI,2023,1533,[Jose Crespo Y Castillo][Leoncio Prado][Huanuco][Perú],POLITICAL_LEVEL_4,1707524,361710,1345814,21.18
211207,95,Perú,Puno,Sandia,San Juan Del Oro,"LEVEL_4,LEVEL_3,LEVEL_2,LEVEL_1",INEI,2023,1693,[San Juan Del Oro][Sandia][Puno][Perú],POLITICAL_LEVEL_4,234235,49364,184871,21.07
010309,95,Perú,Amazonas,Bongara,San Carlos,"LEVEL_4,LEVEL_3,LEVEL_2,LEVEL_1",INEI,2023,1287,[San Carlos][Bongara][Amazonas][Perú],POLITICAL_LEVEL_4,127747,26645,101102,20.86
210308,95,Perú,Puno,Carabaya,Ollachea,"LEVEL_4,LEVEL_3,LEVEL_2,LEVEL_1",INEI,2023,220,[Ollachea][Carabaya][Puno][Perú],POLITICAL_LEVEL_4,129213,26829,102384,20.76
221003,95,Perú,San Martin,Tocache,Polvora,"LEVEL_4,LEVEL_3,LEVEL_2,LEVEL_1",INEI,2023,890,[Polvora][Tocache][San Martin][Perú],POLITICAL_LEVEL_4,2529083,522703,2006380,20.67
010702,95,Perú,Amazonas,Utcubamba,Cajaruro,"LEVEL_4,LEVEL_3,LEVEL_2,LEVEL_1",INEI,2023,1457,[Cajaruro][Utcubamba][Amazonas][Perú],POLITICAL_LEVEL_4,1926131,394890,1531241,20.5
220402,95,Perú,San Martin,Huallaga,Alto Saposoa,"LEVEL_4,LEVEL_3,LEVEL_2,LEVEL_1",INEI,2023,1336,[Alto Saposoa][Huallaga][San Martin][Perú],POLITICAL_LEVEL_4,1556322,318394,1237928,20.46
060806,95,Perú,Cajamarca,Jaen,Las Pirias,"LEVEL_4,LEVEL_3,LEVEL_2,LEVEL_1",INEI,2023,1405,[Las Pirias][Jaen][Cajamarca][Perú],POLITICAL_LEVEL_4,73494,14922,58572,20.3
200307,95,Perú,Piura,Huancabamba,Sondor,"LEVEL_4,LEVEL_3,LEVEL_2,LEVEL_1",INEI,2023,1439,[Sondor][Huancabamba][Piura][Perú],POLITICAL_LEVEL_4,253832,51180,202652,20.16
010505,95,Perú,Amazonas,Luya,Conila,"LEVEL_4,LEVEL_3,LEVEL_2,LEVEL_1",INEI,2023,1277,[Conila][Luya][Amazonas][Perú],POLITICAL_LEVEL_4,281355,56729,224626,20.16
100704,95,Perú,Huanuco,Marañon,La Morada,"LEVEL_4,LEVEL_3,LEVEL_2,LEVEL_1",INEI,2023,1222,[La Morada][Marañon][Huanuco][Perú],POLITICAL_LEVEL_4,1030440,206774,823666,20.07
010401,95,Perú,Amazonas,Condorcanqui,Nieva,"LEVEL_4,LEVEL_3,LEVEL_2,LEVEL_1",INEI,2023,1455,[Nieva][Condorcanqui][Amazonas][Perú],POLITICAL_LEVEL_4,4702651,943634,3759017,20.07
100602,95,Perú,Huanuco,Leoncio Prado,Daniel Alomia Robles,"LEVEL_4,LEVEL_3,LEVEL_2,LEVEL_1",INEI,2023,853,[Daniel Alomia Robles][Leoncio Prado][Huanuco][Perú],POLITICAL_LEVEL_4,615852,123508,492344,20.05
060906,95,Perú,Cajamarca,San Ignacio,San Jose de Lourdes,"LEVEL_4,LEVEL_3,LEVEL_2,LEVEL_1",INEI,2023,1825,[San Jose de Lourdes][San Ignacio][Cajamarca][Perú],POLITICAL_LEVEL_4,1529454,305145,1224309,19.95
010107,95,Perú,Amazonas,Chachapoyas,Granada,"LEVEL_4,LEVEL_3,LEVEL_2,LEVEL_1",INEI,2023,1281,[Granada][Chachapoyas][Amazonas][Perú],POLITICAL_LEVEL_4,193826,38388,155438,19.81
130807,95,Perú,La Libertad,Pataz,Ongon,"LEVEL_4,LEVEL_3,LEVEL_2,LEVEL_1",INEI,2023,1012,[Ongon][Pataz][La Libertad][Perú],POLITICAL_LEVEL_4,931816,184018,747798,19.75
190110,95,Perú,Pasco,Pasco,Ticlacayan,"LEVEL_4,LEVEL_3,LEVEL_2,LEVEL_1",INEI,2023,877,[Ticlacayan][Pasco][Pasco][Perú],POLITICAL_LEVEL_4,27765,5331,22434,19.2
120606,95,Perú,Junin,Satipo,Pangoa,"LEVEL_4,LEVEL_3,LEVEL_2,LEVEL_1",INEI,2023,1559,[Pangoa][Satipo][Junin][Perú],POLITICAL_LEVEL_4,4775757,916941,3858816,19.2
060808,95,Perú,Cajamarca,Jaen,Pucara,"LEVEL_4,LEVEL_3,LEVEL_2,LEVEL_1",INEI,2023,1007,[Pucara][Jaen][Cajamarca][Perú],POLITICAL_LEVEL_4,71483,13659,57824,19.11
120301,95,Perú,Junin,Chanchamayo,Chanchamayo,"LEVEL_4,LEVEL_3,LEVEL_2,LEVEL_1",INEI,2023,1551,[Chanchamayo][Chanchamayo][Junin][Perú],POLITICAL_LEVEL_4,743839,140859,602980,18.94
100401,95,Perú,Huanuco,Huacaybamba,Huacaybamba,"LEVEL_4,LEVEL_3,LEVEL_2,LEVEL_1",INEI,2023,821,[Huacaybamba][Huacaybamba][Huanuco][Perú],POLITICAL_LEVEL_4,142191,26824,115367,18.86
050413,95,Perú,Ayacucho,Huanta,Putis,"LEVEL_4,LEVEL_3,LEVEL_2,LEVEL_1",INEI,2023,781,[Putis][Huanta][Ayacucho][Perú],POLITICAL_LEVEL_4,5205,967,4238,18.58
190301,95,Perú,Pasco,Oxapampa,Oxapampa,"LEVEL_4,LEVEL_3,LEVEL_2,LEVEL_1",INEI,2023,909,[Oxapampa][Oxapampa][Pasco][Perú],POLITICAL_LEVEL_4,460602,85141,375461,18.48
250107,95,Perú,Ucayali,Coronel Portillo,Manantay,"LEVEL_4,LEVEL_3,LEVEL_2,LEVEL_1",INEI,2023,1658,[Manantay][Coronel Portillo][Ucayali][Perú],POLITICAL_LEVEL_4,732292,135005,597287,18.44
221004,95,Perú,San Martin,Tocache,Shunte,"LEVEL_4,LEVEL_3,LEVEL_2,LEVEL_1",INEI,2023,889,[Shunte][Tocache][San Martin][Perú],POLITICAL_LEVEL_4,770464,141958,628506,18.43
100705,95,Perú,Huanuco,Marañon,Santa Rosa De Alto Yanajanca,"LEVEL_4,LEVEL_3,LEVEL_2,LEVEL_1",INEI,2023,1223,[Santa Rosa De Alto Yanajanca][Marañon][Huanuco][Perú],POLITICAL_LEVEL_4,1004881,184887,819994,18.4
211209,95,Perú,Puno,Sandia,Alto Inambari,"LEVEL_4,LEVEL_3,LEVEL_2,LEVEL_1",INEI,2023,215,[Alto Inambari][Sandia][Puno][Perú],POLITICAL_LEVEL_4,1569296,286317,1282979,18.24
120605,95,Perú,Junin,Satipo,Pampa Hermosa,"LEVEL_4,LEVEL_3,LEVEL_2,LEVEL_1",INEI,2023,629,[Pampa Hermosa][Satipo][Junin][Perú],POLITICAL_LEVEL_4,684868,124604,560264,18.19
100801,95,Perú,Huanuco,Pachitea,Panao,"LEVEL_4,LEVEL_3,LEVEL_2,LEVEL_1",INEI,2023,828,[Panao][Pachitea][Huanuco][Perú],POLITICAL_LEVEL_4,748719,135873,612846,18.15
050509,95,Perú,Ayacucho,La Mar,Samugari,"LEVEL_4,LEVEL_3,LEVEL_2,LEVEL_1",INEI,2023,479,[Samugari][La Mar][Ayacucho][Perú],POLITICAL_LEVEL_4,185638,33607,152031,18.1
100109,95,Perú,Huanuco,Huanuco,Santa Maria Del Valle,"LEVEL_4,LEVEL_3,LEVEL_2,LEVEL_1",INEI,2023,1529,[Santa Maria Del Valle][Huanuco][Huanuco][Perú],POLITICAL_LEVEL_4,61,11,50,18.03
220901,95,Perú,San Martin,San Martin,Tarapoto,"LEVEL_4,LEVEL_3,LEVEL_2,LEVEL_1",INEI,2023,1652,[Tarapoto][San Martin][San Martin][Perú],POLITICAL_LEVEL_4,66975,12029,54946,17.96
190308,95,Perú,Pasco,Oxapampa,Constitucion,"LEVEL_4,LEVEL_3,LEVEL_2,LEVEL_1",INEI,2023,914,[Constitucion][Oxapampa][Pasco][Perú],POLITICAL_LEVEL_4,3473383,617104,2856279,17.77
050411,95,Perú,Ayacucho,Huanta,Pucacolpa,"LEVEL_4,LEVEL_3,LEVEL_2,LEVEL_1",INEI,2023,392,[Pucacolpa][Huanta][Ayacucho][Perú],POLITICAL_LEVEL_4,395990,70009,325981,17.68
250103,95,Perú,Ucayali,Coronel Portillo,Iparia,"LEVEL_4,LEVEL_3,LEVEL_2,LEVEL_1",INEI,2023,959,[Iparia][Coronel Portillo][Ucayali][Perú],POLITICAL_LEVEL_4,8371366,1474140,6897226,17.61
220602,95,Perú,San Martin,Mariscal Caceres,Campanilla,"LEVEL_4,LEVEL_3,LEVEL_2,LEVEL_1",INEI,2023,891,[Campanilla][Mariscal Caceres][San Martin][Perú],POLITICAL_LEVEL_4,2046898,360337,1686561,17.6
120305,95,Perú,Junin,Chanchamayo,San Ramon,"LEVEL_4,LEVEL_3,LEVEL_2,LEVEL_1",INEI,2023,1554,[San Ramon][Chanchamayo][Junin][Perú],POLITICAL_LEVEL_4,578648,101262,477386,17.5
090721,95,Perú,Huancavelica,Tayacaja,Roble,"LEVEL_4,LEVEL_3,LEVEL_2,LEVEL_1",INEI,2023,774,[Roble][Tayacaja][Huancavelica][Perú],POLITICAL_LEVEL_4,144905,25246,119659,17.42
211208,95,Perú,Puno,Sandia,Yanahuaya,"LEVEL_4,LEVEL_3,LEVEL_2,LEVEL_1",INEI,2023,1694,[Yanahuaya][Sandia][Puno][Perú],POLITICAL_LEVEL_4,729628,126902,602726,17.39
100403,95,Perú,Huanuco,Huacaybamba,Cochabamba,"LEVEL_4,LEVEL_3,LEVEL_2,LEVEL_1",INEI,2023,823,[Cochabamba][Huacaybamba][Huanuco][Perú],POLITICAL_LEVEL_4,553991,95641,458350,17.26
050502,95,Perú,Ayacucho,La Mar,Anco,"LEVEL_4,LEVEL_3,LEVEL_2,LEVEL_1",INEI,2023,465,[Anco][La Mar][Ayacucho][Perú],POLITICAL_LEVEL_4,448450,77221,371229,17.22
170302,95,Perú,Madre De Dios,Tahuamanu,Iberia,"LEVEL_4,LEVEL_3,LEVEL_2,LEVEL_1",INEI,2023,639,[Iberia][Tahuamanu][Madre De Dios][Perú],POLITICAL_LEVEL_4,2953466,505023,2448443,17.1
250301,95,Perú,Ucayali,Padre Abad,Padre Abad,"LEVEL_4,LEVEL_3,LEVEL_2,LEVEL_1",INEI,2023,1660,[Padre Abad][Padre Abad][Ucayali][Perú],POLITICAL_LEVEL_4,4057251,682694,3374557,16.83
220805,95,Perú,San Martin,Rioja,Pardo Miguel,"LEVEL_4,LEVEL_3,LEVEL_2,LEVEL_1",INEI,2023,1006,[Pardo Miguel][Rioja][San Martin][Perú],POLITICAL_LEVEL_4,1314941,216465,1098476,16.46
050505,95,Perú,Ayacucho,La Mar,Chungui,"LEVEL_4,LEVEL_3,LEVEL_2,LEVEL_1",INEI,2023,769,[Chungui][La Mar][Ayacucho][Perú],POLITICAL_LEVEL_4,156727,25692,131035,16.39
170104,95,Perú,Madre De Dios,Tambopata,Laberinto,"LEVEL_4,LEVEL_3,LEVEL_2,LEVEL_1",INEI,2023,636,[Laberinto][Tambopata][Madre De Dios][Perú],POLITICAL_LEVEL_4,3077704,502101,2575603,16.31
050510,95,Perú,Ayacucho,La Mar,Anchihuay,"LEVEL_4,LEVEL_3,LEVEL_2,LEVEL_1",INEI,2023,389,[Anchihuay][La Mar][Ayacucho][Perú],POLITICAL_LEVEL_4,188394,30733,157661,16.31
100607,95,Perú,Huanuco,Leoncio Prado,Pucayacu,"LEVEL_4,LEVEL_3,LEVEL_2,LEVEL_1",INEI,2023,1221,[Pucayacu][Leoncio Prado][Huanuco][Perú],POLITICAL_LEVEL_4,865873,140983,724890,16.28
160202,95,Perú,Loreto,Alto Amazonas,Balsapuerto,"LEVEL_4,LEVEL_3,LEVEL_2,LEVEL_1",INEI,2023,1313,[Balsapuerto][Alto Amazonas][Loreto][Perú],POLITICAL_LEVEL_4,3382050,547411,2834639,16.19
010108,95,Perú,Amazonas,Chachapoyas,Huancas,"LEVEL_4,LEVEL_3,LEVEL_2,LEVEL_1",INEI,2023,1276,[Huancas][Chachapoyas][Amazonas][Perú],POLITICAL_LEVEL_4,52732,8495,44237,16.11
010612,95,Perú,Amazonas,Rodriguez De Mendoza,Vista Alegre,"LEVEL_4,LEVEL_3,LEVEL_2,LEVEL_1",INEI,2023,731,[Vista Alegre][Rodriguez De Mendoza][Amazonas][Perú],POLITICAL_LEVEL_4,972296,156572,815724,16.1
190302,95,Perú,Pasco,Oxapampa,Chontabamba,"LEVEL_4,LEVEL_3,LEVEL_2,LEVEL_1",INEI,2023,911,[Chontabamba][Oxapampa][Pasco][Perú],POLITICAL_LEVEL_4,461082,74200,386882,16.09
160606,95,Perú,Loreto,Ucayali,Vargas Guerra,"LEVEL_4,LEVEL_3,LEVEL_2,LEVEL_1",INEI,2023,1066,[Vargas Guerra][Ucayali][Loreto][Perú],POLITICAL_LEVEL_4,2144959,342217,1802742,15.95
120206,95,Perú,Junin,Concepcion,Comas,"LEVEL_4,LEVEL_3,LEVEL_2,LEVEL_1",INEI,2023,649,[Comas][Concepcion][Junin][Perú],POLITICAL_LEVEL_4,78072,12368,65704,15.84
010509,95,Perú,Amazonas,Luya,Luya,"LEVEL_4,LEVEL_3,LEVEL_2,LEVEL_1",INEI,2023,1275,[Luya][Luya][Amazonas][Perú],POLITICAL_LEVEL_4,94498,14951,79547,15.82
080913,95,Perú,Cusco,La Convencion,Villa Kintiarina,"LEVEL_4,LEVEL_3,LEVEL_2,LEVEL_1",INEI,2023,772,[Villa Kintiarina][La Convencion][Cusco][Perú],POLITICAL_LEVEL_4,229881,36181,193700,15.74
120418,95,Perú,Junin,Jauja,Molinos,"LEVEL_4,LEVEL_3,LEVEL_2,LEVEL_1",INEI,2023,646,[Molinos][Jauja][Junin][Perú],POLITICAL_LEVEL_4,86446,13496,72950,15.61
160103,95,Perú,Loreto,Maynas,Fernando Lores,"LEVEL_4,LEVEL_3,LEVEL_2,LEVEL_1",INEI,2023,1309,[Fernando Lores][Maynas][Loreto][Perú],POLITICAL_LEVEL_4,5129885,776099,4353786,15.13
160113,95,Perú,Loreto,Maynas,San Juan Bautista,"LEVEL_4,LEVEL_3,LEVEL_2,LEVEL_1",INEI,2023,1603,[San Juan Bautista][Maynas][Loreto][Perú],POLITICAL_LEVEL_4,3597790,543402,3054388,15.1
220905,95,Perú,San Martin,San Martin,Chipurana,"LEVEL_4,LEVEL_3,LEVEL_2,LEVEL_1",INEI,2023,1343,[Chipurana][San Martin][San Martin][Perú],POLITICAL_LEVEL_4,348248,52042,296206,14.94
100502,95,Perú,Huanuco,Huamalies,Arancay,"LEVEL_4,LEVEL_3,LEVEL_2,LEVEL_1",INEI,2023,854,[Arancay][Huamalies][Huanuco][Perú],POLITICAL_LEVEL_4,27916,4161,23755,14.91
160108,95,Perú,Loreto,Maynas,Punchana,"LEVEL_4,LEVEL_3,LEVEL_2,LEVEL_1",INEI,2023,1601,[Punchana][Maynas][Loreto][Perú],POLITICAL_LEVEL_4,1800394,267874,1532520,14.88
100505,95,Perú,Huanuco,Huamalies,Jircan,"LEVEL_4,LEVEL_3,LEVEL_2,LEVEL_1",INEI,2023,852,[Jircan][Huamalies][Huanuco][Perú],POLITICAL_LEVEL_4,160584,23871,136713,14.87
120708,95,Perú,Junin,Tarma,San Pedro De Cajas,"LEVEL_4,LEVEL_3,LEVEL_2,LEVEL_1",INEI,2023,792,[San Pedro De Cajas][Tarma][Junin][Perú],POLITICAL_LEVEL_4,22548,3350,19198,14.86
190303,95,Perú,Pasco,Oxapampa,Huancabamba,"LEVEL_4,LEVEL_3,LEVEL_2,LEVEL_1",INEI,2023,912,[Huancabamba][Oxapampa][Pasco][Perú],POLITICAL_LEVEL_4,1104019,163927,940092,14.85
090715,95,Perú,Huancavelica,Tayacaja,Salcahuasi,"LEVEL_4,LEVEL_3,LEVEL_2,LEVEL_1",INEI,2023,563,[Salcahuasi][Tayacaja][Huancavelica][Perú],POLITICAL_LEVEL_4,566,84,482,14.84
220603,95,Perú,San Martin,Mariscal Caceres,Huicungo,"LEVEL_4,LEVEL_3,LEVEL_2,LEVEL_1",INEI,2023,1072,[Huicungo][Mariscal Caceres][San Martin][Perú],POLITICAL_LEVEL_4,8959341,1325819,7633522,14.8
120203,95,Perú,Junin,Concepcion,Andamarca,"LEVEL_4,LEVEL_3,LEVEL_2,LEVEL_1",INEI,2023,647,[Andamarca][Concepcion][Junin][Perú],POLITICAL_LEVEL_4,143442,21207,122235,14.78
160501,95,Perú,Loreto,Requena,Requena,"LEVEL_4,LEVEL_3,LEVEL_2,LEVEL_1",INEI,2023,1606,[Requena][Requena][Loreto][Perú],POLITICAL_LEVEL_4,3460310,511377,2948933,14.78
060809,95,Perú,Cajamarca,Jaen,Sallique,"LEVEL_4,LEVEL_3,LEVEL_2,LEVEL_1",INEI,2023,1023,[Sallique][Jaen][Cajamarca][Perú],POLITICAL_LEVEL_4,248619,36654,211965,14.74
050402,95,Perú,Ayacucho,Huanta,Ayahuanco,"LEVEL_4,LEVEL_3,LEVEL_2,LEVEL_1",INEI,2023,475,[Ayahuanco][Huanta][Ayacucho][Perú],POLITICAL_LEVEL_4,114918,16923,97995,14.73
010501,95,Perú,Amazonas,Luya,Lamud,"LEVEL_4,LEVEL_3,LEVEL_2,LEVEL_1",INEI,2023,1278,[Lamud][Luya][Amazonas][Perú],POLITICAL_LEVEL_4,83198,12077,71121,14.52
210307,95,Perú,Puno,Carabaya,Ituata,"LEVEL_4,LEVEL_3,LEVEL_2,LEVEL_1",INEI,2023,219,[Ituata][Carabaya][Puno][Perú],POLITICAL_LEVEL_4,538900,77878,461022,14.45
120124,95,Perú,Junin,Huancayo,Pariahuanca,"LEVEL_4,LEVEL_3,LEVEL_2,LEVEL_1",INEI,2023,584,[Pariahuanca][Huancayo][Junin][Perú],POLITICAL_LEVEL_4,194009,27628,166381,14.24
160301,95,Perú,Loreto,Loreto,Nauta,"LEVEL_4,LEVEL_3,LEVEL_2,LEVEL_1",INEI,2023,1605,[Nauta][Loreto][Loreto][Perú],POLITICAL_LEVEL_4,7598812,1078899,6519913,14.2
010312,95,Perú,Amazonas,Bongara,Yambrasbamba,"LEVEL_4,LEVEL_3,LEVEL_2,LEVEL_1",INEI,2023,1297,[Yambrasbamba][Bongara][Amazonas][Perú],POLITICAL_LEVEL_4,1892419,266973,1625446,14.11
120306,95,Perú,Junin,Chanchamayo,Vitoc,"LEVEL_4,LEVEL_3,LEVEL_2,LEVEL_1",INEI,2023,669,[Vitoc][Chanchamayo][Junin][Perú],POLITICAL_LEVEL_4,310399,43635,266764,14.06
220907,95,Perú,San Martin,San Martin,Huimbayoc,"LEVEL_4,LEVEL_3,LEVEL_2,LEVEL_1",INEI,2023,1340,[Huimbayoc][San Martin][San Martin][Perú],POLITICAL_LEVEL_4,1935350,270827,1664523,13.99
060802,95,Perú,Cajamarca,Jaen,Bellavista,"LEVEL_4,LEVEL_3,LEVEL_2,LEVEL_1",INEI,2023,1010,[Bellavista][Jaen][Cajamarca][Perú],POLITICAL_LEVEL_4,122901,17136,105765,13.94
080907,95,Perú,Cusco,La Convencion,Kimbiri,"LEVEL_4,LEVEL_3,LEVEL_2,LEVEL_1",INEI,2023,437,[Kimbiri][La Convencion][Cusco][Perú],POLITICAL_LEVEL_4,623183,86398,536785,13.86
090718,95,Perú,Huancavelica,Tayacaja,Tintay Puncu,"LEVEL_4,LEVEL_3,LEVEL_2,LEVEL_1",INEI,2023,494,[Tintay Puncu][Tayacaja][Huancavelica][Perú],POLITICAL_LEVEL_4,170058,23328,146730,13.72
220904,95,Perú,San Martin,San Martin,Chazuta,"LEVEL_4,LEVEL_3,LEVEL_2,LEVEL_1",INEI,2023,1335,[Chazuta][San Martin][San Martin][Perú],POLITICAL_LEVEL_4,1075598,147447,928151,13.71
060810,95,Perú,Cajamarca,Jaen,San Felipe,"LEVEL_4,LEVEL_3,LEVEL_2,LEVEL_1",INEI,2023,1371,[San Felipe][Jaen][Cajamarca][Perú],POLITICAL_LEVEL_4,154755,21020,133735,13.58
190305,95,Perú,Pasco,Oxapampa,Pozuzo,"LEVEL_4,LEVEL_3,LEVEL_2,LEVEL_1",INEI,2023,913,[Pozuzo][Oxapampa][Pasco][Perú],POLITICAL_LEVEL_4,816687,110539,706148,13.54
120135,95,Perú,Junin,Huancayo,Santo Domingo De Acobamba,"LEVEL_4,LEVEL_3,LEVEL_2,LEVEL_1",INEI,2023,617,[Santo Domingo De Acobamba][Huancayo][Junin][Perú],POLITICAL_LEVEL_4,706449,94091,612358,13.32
220604,95,Perú,San Martin,Mariscal Caceres,Pachiza,"LEVEL_4,LEVEL_3,LEVEL_2,LEVEL_1",INEI,2023,1073,[Pachiza][Mariscal Caceres][San Martin][Perú],POLITICAL_LEVEL_4,2034611,269576,1765035,13.25
160510,95,Perú,Loreto,Requena,Jenaro Herrera,"LEVEL_4,LEVEL_3,LEVEL_2,LEVEL_1",INEI,2023,1323,[Jenaro Herrera][Requena][Loreto][Perú],POLITICAL_LEVEL_4,1306735,171833,1134902,13.15
090725,95,Perú,Huancavelica,Tayacaja,Cochabamba,"LEVEL_4,LEVEL_3,LEVEL_2,LEVEL_1",INEI,2023,493,[Cochabamba][Tayacaja][Huancavelica][Perú],POLITICAL_LEVEL_4,35169,4623,30546,13.15
120706,95,Perú,Junin,Tarma,Palca,"LEVEL_4,LEVEL_3,LEVEL_2,LEVEL_1",INEI,2023,665,[Palca][Tarma][Junin][Perú],POLITICAL_LEVEL_4,87698,11510,76188,13.12
080902,95,Perú,Cusco,La Convencion,Echarate,"LEVEL_4,LEVEL_3,LEVEL_2,LEVEL_1",INEI,2023,768,[Echarate][La Convencion][Cusco][Perú],POLITICAL_LEVEL_4,8531165,1111565,7419600,13.03
160602,95,Perú,Loreto,Ucayali,Inahuaya,"LEVEL_4,LEVEL_3,LEVEL_2,LEVEL_1",INEI,2023,873,[Inahuaya][Ucayali][Loreto][Perú],POLITICAL_LEVEL_4,712804,92848,619956,13.03
160605,95,Perú,Loreto,Ucayali,Sarayacu,"LEVEL_4,LEVEL_3,LEVEL_2,LEVEL_1",INEI,2023,1065,[Sarayacu][Ucayali][Loreto][Perú],POLITICAL_LEVEL_4,7042529,890189,6152340,12.64
120504,95,Perú,Junin,Junin,Ulcumayo,"LEVEL_4,LEVEL_3,LEVEL_2,LEVEL_1",INEI,2023,871,[Ulcumayo][Junin][Junin][Perú],POLITICAL_LEVEL_4,484646,61249,423397,12.64
160404,95,Perú,Loreto,Mariscal Ramon Castilla,San Pablo,"LEVEL_4,LEVEL_3,LEVEL_2,LEVEL_1",INEI,2023,1321,[San Pablo][Mariscal Ramon Castilla][Loreto][Perú],POLITICAL_LEVEL_4,5706633,720356,4986277,12.62
120419,95,Perú,Junin,Jauja,Monobamba,"LEVEL_4,LEVEL_3,LEVEL_2,LEVEL_1",INEI,2023,664,[Monobamba][Jauja][Junin][Perú],POLITICAL_LEVEL_4,703509,86128,617381,12.24
050513,95,Perú,Ayacucho,La Mar,Rio Magdalena,"LEVEL_4,LEVEL_3,LEVEL_2,LEVEL_1",INEI,2023,782,[Rio Magdalena][La Mar][Ayacucho][Perú],POLITICAL_LEVEL_4,112836,13734,99102,12.17
190102,95,Perú,Pasco,Pasco,Huachon,"LEVEL_4,LEVEL_3,LEVEL_2,LEVEL_1",INEI,2023,916,[Huachon][Pasco][Pasco][Perú],POLITICAL_LEVEL_4,313908,37876,276032,12.07
160206,95,Perú,Loreto,Alto Amazonas,Lagunas,"LEVEL_4,LEVEL_3,LEVEL_2,LEVEL_1",INEI,2023,1315,[Lagunas][Alto Amazonas][Loreto][Perú],POLITICAL_LEVEL_4,6814420,811381,6003039,11.91
160504,95,Perú,Loreto,Requena,Emilio San Martin,"LEVEL_4,LEVEL_3,LEVEL_2,LEVEL_1",INEI,2023,1303,[Emilio San Martin][Requena][Loreto][Perú],POLITICAL_LEVEL_4,5230549,611853,4618696,11.7
250203,95,Perú,Ucayali,Atalaya,Tahuania,"LEVEL_4,LEVEL_3,LEVEL_2,LEVEL_1",INEI,2023,958,[Tahuania][Atalaya][Ucayali][Perú],POLITICAL_LEVEL_4,8722163,1000175,7721988,11.47
210309,95,Perú,Puno,Carabaya,San Gaban,"LEVEL_4,LEVEL_3,LEVEL_2,LEVEL_1",INEI,2023,642,[San Gaban][Carabaya][Puno][Perú],POLITICAL_LEVEL_4,763556,87203,676353,11.42
160305,95,Perú,Loreto,Loreto,Urarinas,"LEVEL_4,LEVEL_3,LEVEL_2,LEVEL_1",INEI,2023,1319,[Urarinas][Loreto][Loreto][Perú],POLITICAL_LEVEL_4,17708815,2004453,15704362,11.32
190107,95,Perú,Pasco,Pasco,Paucartambo,"LEVEL_4,LEVEL_3,LEVEL_2,LEVEL_1",INEI,2023,876,[Paucartambo][Pasco][Pasco][Perú],POLITICAL_LEVEL_4,339249,38299,300950,11.29
010205,95,Perú,Amazonas,Bagua,Imaza,"LEVEL_4,LEVEL_3,LEVEL_2,LEVEL_1",INEI,2023,1670,[Imaza][Bagua][Amazonas][Perú],POLITICAL_LEVEL_4,5155702,576938,4578764,11.19
170203,95,Perú,Madre De Dios,Manu,Madre De Dios,"LEVEL_4,LEVEL_3,LEVEL_2,LEVEL_1",INEI,2023,637,[Madre De Dios][Manu][Madre De Dios][Perú],POLITICAL_LEVEL_4,9003627,1004362,7999265,11.16
080912,95,Perú,Cusco,La Convencion,Villa Virgen,"LEVEL_4,LEVEL_3,LEVEL_2,LEVEL_1",INEI,2023,393,[Villa Virgen][La Convencion][Cusco][Perú],POLITICAL_LEVEL_4,499962,55095,444867,11.02
160505,95,Perú,Loreto,Requena,Maquia,"LEVEL_4,LEVEL_3,LEVEL_2,LEVEL_1",INEI,2023,1304,[Maquia][Requena][Loreto][Perú],POLITICAL_LEVEL_4,5520702,606643,4914059,10.99
120403,95,Perú,Junin,Jauja,Apata,"LEVEL_4,LEVEL_3,LEVEL_2,LEVEL_1",INEI,2023,608,[Apata][Jauja][Junin][Perú],POLITICAL_LEVEL_4,66654,7278,59376,10.92
190306,95,Perú,Pasco,Oxapampa,Puerto Bermudez,"LEVEL_4,LEVEL_3,LEVEL_2,LEVEL_1",INEI,2023,1630,[Puerto Bermudez][Oxapampa][Pasco][Perú],POLITICAL_LEVEL_4,8739715,944970,7794745,10.81
160506,95,Perú,Loreto,Requena,Puinahua,"LEVEL_4,LEVEL_3,LEVEL_2,LEVEL_1",INEI,2023,1305,[Puinahua][Requena][Loreto][Perú],POLITICAL_LEVEL_4,7075143,762905,6312238,10.78
160702,95,Perú,Loreto,Datem Del Marañon,Cahuapanas,"LEVEL_4,LEVEL_3,LEVEL_2,LEVEL_1",INEI,2023,1068,[Cahuapanas][Datem Del Marañon][Loreto][Perú],POLITICAL_LEVEL_4,5382284,578755,4803529,10.75
220508,95,Perú,San Martin,Lamas,San Roque De Cumbaza,"LEVEL_4,LEVEL_3,LEVEL_2,LEVEL_1",INEI,2023,1351,[San Roque De Cumbaza][Lamas][San Martin][Perú],POLITICAL_LEVEL_4,736828,79092,657736,10.73
170303,95,Perú,Madre de Dios,Tahuamanu,Tahuamanu,"LEVEL_4,LEVEL_3,LEVEL_2,LEVEL_1",INEI,2023,1690,[Tahuamanu][Tahuamanu][Madre de Dios][Perú],POLITICAL_LEVEL_4,3986543,424581,3561962,10.65
220911,95,Perú,San Martin,San Martin,Papaplaya,"LEVEL_4,LEVEL_3,LEVEL_2,LEVEL_1",INEI,2023,1345,[Papaplaya][San Martin][San Martin][Perú],POLITICAL_LEVEL_4,1119018,119135,999883,10.65
160401,95,Perú,Loreto,Mariscal Ramón Castilla,Ramon Castilla,"LEVEL_4,LEVEL_3,LEVEL_2,LEVEL_1",INEI,2023,1683,[Ramon Castilla][Mariscal Ramón Castilla][Loreto][Perú],POLITICAL_LEVEL_4,7720031,801744,6918287,10.39
160210,95,Perú,Loreto,Alto Amazonas,Santa Cruz,"LEVEL_4,LEVEL_3,LEVEL_2,LEVEL_1",INEI,2023,1316,[Santa Cruz][Alto Amazonas][Loreto][Perú],POLITICAL_LEVEL_4,2557756,262430,2295326,10.26
120704,95,Perú,Junin,Tarma,Huasahuasi,"LEVEL_4,LEVEL_3,LEVEL_2,LEVEL_1",INEI,2023,793,[Huasahuasi][Tarma][Junin][Perú],POLITICAL_LEVEL_4,283992,29046,254946,10.23
090717,95,Perú,Huancavelica,Tayacaja,Surcubamba,"LEVEL_4,LEVEL_3,LEVEL_2,LEVEL_1",INEI,2023,777,[Surcubamba][Tayacaja][Huancavelica][Perú],POLITICAL_LEVEL_4,104274,10626,93648,10.19
220202,95,Perú,San Martin,Bellavista,Alto Biavo,"LEVEL_4,LEVEL_3,LEVEL_2,LEVEL_1",INEI,2023,830,[Alto Biavo][Bellavista][San Martin][Perú],POLITICAL_LEVEL_4,6735408,673343,6062065,10.0
081106,95,Perú,Cusco,Paucartambo,Kosñipata,"LEVEL_4,LEVEL_3,LEVEL_2,LEVEL_1",INEI,2023,442,[Kosñipata][Paucartambo][Cusco][Perú],POLITICAL_LEVEL_4,3189306,318404,2870902,9.98
120209,95,Perú,Junin,Concepcion,Mariscal Castilla,"LEVEL_4,LEVEL_3,LEVEL_2,LEVEL_1",INEI,2023,660,[Mariscal Castilla][Concepcion][Junin][Perú],POLITICAL_LEVEL_4,47990,4779,43211,9.96
120608,95,Perú,Junin,Satipo,Rio Tambo,"LEVEL_4,LEVEL_3,LEVEL_2,LEVEL_1",INEI,2023,1561,[Rio Tambo][Satipo][Junin][Perú],POLITICAL_LEVEL_4,11671318,1140692,10530626,9.77
160705,95,Perú,Loreto,Datem Del Marañon,Pastaza,"LEVEL_4,LEVEL_3,LEVEL_2,LEVEL_1",INEI,2023,1071,[Pastaza][Datem Del Marañon][Loreto][Perú],POLITICAL_LEVEL_4,10223943,974750,9249193,9.53
160601,95,Perú,Loreto,Ucayali,Contamana,"LEVEL_4,LEVEL_3,LEVEL_2,LEVEL_1",INEI,2023,1607,[Contamana][Ucayali][Loreto][Perú],POLITICAL_LEVEL_4,12443612,1177022,11266590,9.46
090707,95,Perú,Huancavelica,Tayacaja,Huachocolpa,"LEVEL_4,LEVEL_3,LEVEL_2,LEVEL_1",INEI,2023,778,[Huachocolpa][Tayacaja][Huancavelica][Perú],POLITICAL_LEVEL_4,250720,23488,227232,9.37
090724,95,Perú,Huancavelica,Tayacaja,Lambras,"LEVEL_4,LEVEL_3,LEVEL_2,LEVEL_1",INEI,2023,779,[Lambras][Tayacaja][Huancavelica][Perú],POLITICAL_LEVEL_4,91487,8394,83093,9.18
050410,95,Perú,Ayacucho,Huanta,Uchuraccay,"LEVEL_4,LEVEL_3,LEVEL_2,LEVEL_1",INEI,2023,390,[Uchuraccay][Huanta][Ayacucho][Perú],POLITICAL_LEVEL_4,38170,3500,34670,9.17
120205,95,Perú,Junin,Concepcion,Cochas,"LEVEL_4,LEVEL_3,LEVEL_2,LEVEL_1",INEI,2023,653,[Cochas][Concepcion][Junin][Perú],POLITICAL_LEVEL_4,42736,3909,38827,9.15
220206,95,Perú,San Martin,Bellavista,San Rafael,"LEVEL_4,LEVEL_3,LEVEL_2,LEVEL_1",INEI,2023,899,[San Rafael][Bellavista][San Martin][Perú],POLITICAL_LEVEL_4,122146,11020,111126,9.02
160703,95,Perú,Loreto,Datem Del Marañon,Manseriche,"LEVEL_4,LEVEL_3,LEVEL_2,LEVEL_1",INEI,2023,1069,[Manseriche][Datem Del Marañon][Loreto][Perú],POLITICAL_LEVEL_4,4009428,356539,3652889,8.89
081101,95,Perú,Cusco,Paucartambo,Paucartambo,"LEVEL_4,LEVEL_3,LEVEL_2,LEVEL_1",INEI,2023,481,[Paucartambo][Paucartambo][Cusco][Perú],POLITICAL_LEVEL_4,384427,34076,350351,8.86
210303,95,Perú,Puno,Carabaya,Ayapata,"LEVEL_4,LEVEL_3,LEVEL_2,LEVEL_1",INEI,2023,643,[Ayapata][Carabaya][Puno][Perú],POLITICAL_LEVEL_4,1869362,164705,1704657,8.81
081203,95,Perú,Cusco,Quispicanchi,Camanti,"LEVEL_4,LEVEL_3,LEVEL_2,LEVEL_1",INEI,2023,492,[Camanti][Quispicanchi][Cusco][Perú],POLITICAL_LEVEL_4,3110873,264282,2846591,8.5
080915,95,Perú,Cusco,La Convencion,Kumpirushiato,"LEVEL_4,LEVEL_3,LEVEL_2,LEVEL_1",INEI,2023,785,[Kumpirushiato][La Convencion][Cusco][Perú],POLITICAL_LEVEL_4,3374223,285657,3088566,8.47
170103,95,Perú,Madre de Dios,Tambopata,Las Piedras,"LEVEL_4,LEVEL_3,LEVEL_2,LEVEL_1",INEI,2023,1691,[Las Piedras][Tambopata][Madre de Dios][Perú],POLITICAL_LEVEL_4,8879835,747646,8132189,8.42
160507,95,Perú,Loreto,Requena,Saquena,"LEVEL_4,LEVEL_3,LEVEL_2,LEVEL_1",INEI,2023,1306,[Saquena][Requena][Loreto][Perú],POLITICAL_LEVEL_4,2918212,245419,2672793,8.41
160205,95,Perú,Loreto,Alto Amazonas,Jeberos,"LEVEL_4,LEVEL_3,LEVEL_2,LEVEL_1",INEI,2023,1314,[Jeberos][Alto Amazonas][Loreto][Perú],POLITICAL_LEVEL_4,4889607,407531,4482076,8.33
160104,95,Perú,Loreto,Maynas,Indiana,"LEVEL_4,LEVEL_3,LEVEL_2,LEVEL_1",INEI,2023,1310,[Indiana][Maynas][Loreto][Perú],POLITICAL_LEVEL_4,3779932,292283,3487649,7.73
250101,95,Perú,Ucayali,Coronel Portillo,Calleria,"LEVEL_4,LEVEL_3,LEVEL_2,LEVEL_1",INEI,2023,1687,[Calleria][Coronel Portillo][Ucayali][Perú],POLITICAL_LEVEL_4,13174863,1012214,12162649,7.68
160701,95,Perú,Loreto,Datem Del Marañon,Barranca,"LEVEL_4,LEVEL_3,LEVEL_2,LEVEL_1",INEI,2023,1067,[Barranca][Datem Del Marañon][Loreto][Perú],POLITICAL_LEVEL_4,8311275,620451,7690824,7.47
160604,95,Perú,Loreto,Ucayali,Pampa Hermosa,"LEVEL_4,LEVEL_3,LEVEL_2,LEVEL_1",INEI,2023,1230,[Pampa Hermosa][Ucayali][Loreto][Perú],POLITICAL_LEVEL_4,8441682,616701,7824981,7.31
250104,95,Perú,Ucayali,Coronel Portillo,Masisea,"LEVEL_4,LEVEL_3,LEVEL_2,LEVEL_1",INEI,2023,1688,[Masisea][Coronel Portillo][Ucayali][Perú],POLITICAL_LEVEL_4,16665185,1217244,15447941,7.3
211210,95,Perú,Puno,Sandia,San Pedro De Putina Punco,"LEVEL_4,LEVEL_3,LEVEL_2,LEVEL_1",INEI,2023,1692,[San Pedro De Putina Punco][Sandia][Puno][Perú],POLITICAL_LEVEL_4,6375119,459595,5915524,7.21
250201,95,Perú,Ucayali,Atalaya,Raimondi,"LEVEL_4,LEVEL_3,LEVEL_2,LEVEL_1",INEI,2023,1659,[Raimondi][Atalaya][Ucayali][Perú],POLITICAL_LEVEL_4,16555425,1174161,15381264,7.09
160110,95,Perú,Loreto,Maynas,Torres Causana,"LEVEL_4,LEVEL_3,LEVEL_2,LEVEL_1",INEI,2023,1678,[Torres Causana][Maynas][Loreto][Perú],POLITICAL_LEVEL_4,7758734,523101,7235633,6.74
010403,95,Perú,Amazonas,Nieva,Rio Santiago,"LEVEL_4,LEVEL_3,LEVEL_2,LEVEL_1",INEI,2023,1672,[Rio Santiago][Nieva][Amazonas][Perú],POLITICAL_LEVEL_4,9057825,594448,8463377,6.56
160105,95,Perú,Loreto,Maynas,Las Amazonas,"LEVEL_4,LEVEL_3,LEVEL_2,LEVEL_1",INEI,2023,1311,[Las Amazonas][Maynas][Loreto][Perú],POLITICAL_LEVEL_4,7541610,493018,7048592,6.54
010402,95,Perú,Amazonas,Nieva,El Cenepa,"LEVEL_4,LEVEL_3,LEVEL_2,LEVEL_1",INEI,2023,1671,[El Cenepa][Nieva][Amazonas][Perú],POLITICAL_LEVEL_4,6296634,394168,5902466,6.26
160402,95,Perú,Loreto,Mariscal Ramon Castilla,Pebas,"LEVEL_4,LEVEL_3,LEVEL_2,LEVEL_1",INEI,2023,1320,[Pebas][Mariscal Ramon Castilla][Loreto][Perú],POLITICAL_LEVEL_4,12597925,736320,11861605,5.84
211203,95,Perú,Puno,Sandia,Limbani,"LEVEL_4,LEVEL_3,LEVEL_2,LEVEL_1",INEI,2023,641,[Limbani][Sandia][Puno][Perú],POLITICAL_LEVEL_4,2314029,134295,2179734,5.8
160706,95,Perú,Loreto,Datem del Marañón,Andoas,"LEVEL_4,LEVEL_3,LEVEL_2,LEVEL_1",INEI,2023,1674,[Andoas][Datem del Marañón][Loreto][Perú],POLITICAL_LEVEL_4,13215808,743377,12472431,5.62
170201,95,Perú,Madre De Dios,Manu,Manu,"LEVEL_4,LEVEL_3,LEVEL_2,LEVEL_1",INEI,2023,635,[Manu][Manu][Madre De Dios][Perú],POLITICAL_LEVEL_4,9897981,535360,9362621,5.41
160302,95,Perú,Loreto,Loreto,Parinari,"LEVEL_4,LEVEL_3,LEVEL_2,LEVEL_1",INEI,2023,1318,[Parinari][Loreto][Loreto][Perú],POLITICAL_LEVEL_4,14861039,785548,14075491,5.29
210304,95,Perú,Puno,Carabaya,Coasa,"LEVEL_4,LEVEL_3,LEVEL_2,LEVEL_1",INEI,2023,640,[Coasa][Carabaya][Puno][Perú],POLITICAL_LEVEL_4,2756791,138791,2618000,5.03
170101,95,Perú,Madre de Dios,Tambopata,Tambopata,"LEVEL_4,LEVEL_3,LEVEL_2,LEVEL_1",INEI,2023,1829,[Tambopata][Tambopata][Madre de Dios][Perú],POLITICAL_LEVEL_4,23718257,1012422,22705835,4.27
160106,95,Perú,Loreto,Maynas,Mazan,"LEVEL_4,LEVEL_3,LEVEL_2,LEVEL_1",INEI,2023,1312,[Mazan][Maynas][Loreto][Perú],POLITICAL_LEVEL_4,11276458,459310,10817148,4.07
160107,95,Perú,Loreto,Maynas,Napo,"LEVEL_4,LEVEL_3,LEVEL_2,LEVEL_1",INEI,2023,1677,[Napo][Maynas][Loreto][Perú],POLITICAL_LEVEL_4,27089056,1091691,25997365,4.03
160403,95,Perú,Loreto,Mariscal Ramón Castilla,Yavari,"LEVEL_4,LEVEL_3,LEVEL_2,LEVEL_1",INEI,2023,1684,[Yavari][Mariscal Ramón Castilla][Loreto][Perú],POLITICAL_LEVEL_4,16100291,599245,15501046,3.72
160509,95,Perú,Loreto,Requena,Tapiche,"LEVEL_4,LEVEL_3,LEVEL_2,LEVEL_1",INEI,2023,1322,[Tapiche][Requena][Loreto][Perú],POLITICAL_LEVEL_4,2357519,85896,2271623,3.64
160704,95,Perú,Loreto,Datem del Marañón,Morona,"LEVEL_4,LEVEL_3,LEVEL_2,LEVEL_1",INEI,2023,1673,[Morona][Datem del Marañón][Loreto][Perú],POLITICAL_LEVEL_4,12372711,441242,11931469,3.57
080914,95,Perú,Cusco,La Convencion,Megantoni,"LEVEL_4,LEVEL_3,LEVEL_2,LEVEL_1",INEI,2023,430,[Megantoni][La Convencion][Cusco][Perú],POLITICAL_LEVEL_4,12241310,433466,11807844,3.54
250202,95,Perú,Ucayali,Atalaya,Sepahua,"LEVEL_4,LEVEL_3,LEVEL_2,LEVEL_1",INEI,2023,1224,[Sepahua][Atalaya][Ucayali][Perú],POLITICAL_LEVEL_4,8821731,310821,8510910,3.52
160303,95,Perú,Loreto,Loreto,Tigre,"LEVEL_4,LEVEL_3,LEVEL_2,LEVEL_1",INEI,2023,1676,[Tigre][Loreto][Loreto][Perú],POLITICAL_LEVEL_4,22570566,786505,21784061,3.48
160803,95,Perú,Loreto,Putumayo,Teniente Manuel Clavero,"LEVEL_4,LEVEL_3,LEVEL_2,LEVEL_1",INEI,2023,1679,[Teniente Manuel Clavero][Putumayo][Loreto][Perú],POLITICAL_LEVEL_4,10772135,325400,10446735,3.02
170202,95,Perú,Madre De Dios,Manu,Fitzcarrald,"LEVEL_4,LEVEL_3,LEVEL_2,LEVEL_1",INEI,2023,638,[Fitzcarrald][Manu][Madre De Dios][Perú],POLITICAL_LEVEL_4,12197148,359867,11837281,2.95
160304,95,Perú,Loreto,Loreto,Trompeteros,"LEVEL_4,LEVEL_3,LEVEL_2,LEVEL_1",INEI,2023,1675,[Trompeteros][Loreto][Loreto][Perú],POLITICAL_LEVEL_4,14100856,389750,13711106,2.76
160502,95,Perú,Loreto,Requena,Alto Tapiche,"LEVEL_4,LEVEL_3,LEVEL_2,LEVEL_1",INEI,2023,1686,[Alto Tapiche][Requena][Loreto][Perú],POLITICAL_LEVEL_4,10223983,264769,9959214,2.59
170301,95,Perú,Madre de Dios,Tahuamanu,Iñapari,"LEVEL_4,LEVEL_3,LEVEL_2,LEVEL_1",INEI,2023,1830,[Iñapari][Tahuamanu][Madre de Dios][Perú],POLITICAL_LEVEL_4,15692363,337032,15355331,2.15
160508,95,Perú,Loreto,Requena,Soplin,"LEVEL_4,LEVEL_3,LEVEL_2,LEVEL_1",INEI,2023,1307,[Soplin][Requena][Loreto][Perú],POLITICAL_LEVEL_4,5295295,104429,5190866,1.97
160801,95,Perú,Loreto,Putumayo,Putumayo,"LEVEL_4,LEVEL_3,LEVEL_2,LEVEL_1",INEI,2023,1681,[Putumayo][Putumayo][Loreto][Perú],POLITICAL_LEVEL_4,12384060,209088,12174972,1.69
160802,95,Perú,Loreto,Putumayo,Rosa Panduro,"LEVEL_4,LEVEL_3,LEVEL_2,LEVEL_1",INEI,2023,1680,[Rosa Panduro][Putumayo][Loreto][Perú],POLITICAL_LEVEL_4,8030133,102002,7928131,1.27
250401,95,Perú,Ucayali,Purus,Purus,"LEVEL_4,LEVEL_3,LEVEL_2,LEVEL_1",INEI,2023,1831,[Purus][Purus][Ucayali][Perú],POLITICAL_LEVEL_4,20947113,260498,20686615,1.24
160511,95,Perú,Loreto,Requena,Yaquerana,"LEVEL_4,LEVEL_3,LEVEL_2,LEVEL_1",INEI,2023,1685,[Yaquerana][Requena][Loreto][Perú],POLITICAL_LEVEL_4,12429561,140390,12289171,1.13
160804,95,Perú,Loreto,Putumayo,Yaguas,"LEVEL_4,LEVEL_3,LEVEL_2,LEVEL_1",INEI,2023,1682,[Yaguas][Putumayo][Loreto][Perú],POLITICAL_LEVEL_4,20139715,202035,19937680,1.0
250204,95,Perú,Ucayali,Atalaya,Yurua,"LEVEL_4,LEVEL_3,LEVEL_2,LEVEL_1",INEI,2023,1689,[Yurua][Atalaya][Ucayali][Perú],POLITICAL_LEVEL_4,10253497,101113,10152384,0.99
160102,95,Perú,Loreto,Maynas,Alto Nanay,"LEVEL_4,LEVEL_3,LEVEL_2,LEVEL_1",INEI,2023,1308,[Alto Nanay][Maynas][Loreto][Perú],POLITICAL_LEVEL_4,16331982,158702,16173280,0.97
