GEOCODE,CATEG_ID,LEVEL_1,Departamento,LEVEL_3,Distrito,NAME_STD,SOURCE,VERSION,FEATURE_ID,NAME,CATEG_NAME,pixeles_validos,pixeles_cambiados,pixeles_no_cambiados,% Cambio
250305,95,Perú,Ucayali,Padre Abad,Alexander Von Humboldt,"LEVEL_4,LEVEL_3,LEVEL_2,LEVEL_1",INEI,2023,960,[Alexander Von Humboldt][Padre Abad][Ucayali][Perú],POLITICAL_LEVEL_4,233948,174147,59801,74.43833672440029
220509,95,Perú,San Martin,Lamas,Shanao,"LEVEL_4,LEVEL_3,LEVEL_2,LEVEL_1",INEI,2023,1339,[Shanao][Lamas][San Martin][Perú],POLITICAL_LEVEL_4,27901,19725,8176,70.69639081036522
250304,95,Perú,Ucayali,Padre Abad,Neshuya,"LEVEL_4,LEVEL_3,LEVEL_2,LEVEL_1",INEI,2023,962,[Neshuya][Padre Abad][Ucayali][Perú],POLITICAL_LEVEL_4,708970,500177,208793,70.54981169866143
010201,95,Perú,Amazonas,Bagua,Bagua,"LEVEL_4,LEVEL_3,LEVEL_2,LEVEL_1",INEI,2023,1454,[Bagua][Bagua][Amazonas][Perú],POLITICAL_LEVEL_4,23416,15532,7884,66.3307140416809
220501,95,Perú,San Martin,Lamas,Lamas,"LEVEL_4,LEVEL_3,LEVEL_2,LEVEL_1",INEI,2023,1338,[Lamas][Lamas][San Martin][Perú],POLITICAL_LEVEL_4,146917,95686,51231,65.12929068793945
010703,95,Perú,Amazonas,Utcubamba,Cumba,"LEVEL_4,LEVEL_3,LEVEL_2,LEVEL_1",INEI,2023,1233,[Cumba][Utcubamba][Amazonas][Perú],POLITICAL_LEVEL_4,205340,130782,74558,63.69046459530535
220902,95,Perú,San Martin,San Martin,Alberto Leveau,"LEVEL_4,LEVEL_3,LEVEL_2,LEVEL_1",INEI,2023,956,[Alberto Leveau][San Martin][San Martin][Perú],POLITICAL_LEVEL_4,58972,37191,21781,63.06552262090484
250102,95,Perú,Ucayali,Coronel Portillo,Campoverde,"LEVEL_4,LEVEL_3,LEVEL_2,LEVEL_1",INEI,2023,1656,[Campoverde][Coronel Portillo][Ucayali][Perú],POLITICAL_LEVEL_4,1503932,897246,606686,59.660011223911724
220702,95,Perú,San Martin,Picota,Buenos Aires,"LEVEL_4,LEVEL_3,LEVEL_2,LEVEL_1",INEI,2023,1328,[Buenos Aires][Picota][San Martin][Perú],POLITICAL_LEVEL_4,352143,208024,144119,59.07372857049551
220502,95,Perú,San Martin,Lamas,Alonso De Alvarado,"LEVEL_4,LEVEL_3,LEVEL_2,LEVEL_1",INEI,2023,1342,[Alonso De Alvarado][Lamas][San Martin][Perú],POLITICAL_LEVEL_4,335241,194816,140425,58.112223743515855
220404,95,Perú,San Martin,Huallaga,Piscoyacu,"LEVEL_4,LEVEL_3,LEVEL_2,LEVEL_1",INEI,2023,903,[Piscoyacu][Huallaga][San Martin][Perú],POLITICAL_LEVEL_4,204051,117822,86229,57.74144699119338
220708,95,Perú,San Martin,Picota,Shamboyacu,"LEVEL_4,LEVEL_3,LEVEL_2,LEVEL_1",INEI,2023,906,[Shamboyacu][Picota][San Martin][Perú],POLITICAL_LEVEL_4,444346,255798,188548,57.567301157206316
220204,95,Perú,San Martin,Bellavista,Huallaga,"LEVEL_4,LEVEL_3,LEVEL_2,LEVEL_1",INEI,2023,894,[Huallaga][Bellavista][San Martin][Perú],POLITICAL_LEVEL_4,292223,167166,125057,57.204942800532464
220605,95,Perú,San Martin,Mariscal Caceres,Pajarillo,"LEVEL_4,LEVEL_3,LEVEL_2,LEVEL_1",INEI,2023,892,[Pajarillo][Mariscal Caceres][San Martin][Perú],POLITICAL_LEVEL_4,515197,291451,223746,56.57078748517558
220704,95,Perú,San Martin,Picota,Pilluana,"LEVEL_4,LEVEL_3,LEVEL_2,LEVEL_1",INEI,2023,1253,[Pilluana][Picota][San Martin][Perú],POLITICAL_LEVEL_4,77967,43346,34621,55.595315967011686
010704,95,Perú,Amazonas,Utcubamba,El Milagro,"LEVEL_4,LEVEL_3,LEVEL_2,LEVEL_1",INEI,2023,1301,[El Milagro][Utcubamba][Amazonas][Perú],POLITICAL_LEVEL_4,53789,29888,23901,55.56526427336445
220104,95,Perú,San Martin,Moyobamba,Jepelacio,"LEVEL_4,LEVEL_3,LEVEL_2,LEVEL_1",INEI,2023,1350,[Jepelacio][Moyobamba][San Martin][Perú],POLITICAL_LEVEL_4,436869,242195,194674,55.438815754837265
010701,95,Perú,Amazonas,Utcubamba,Bagua Grande,"LEVEL_4,LEVEL_3,LEVEL_2,LEVEL_1",INEI,2023,1456,[Bagua Grande][Utcubamba][Amazonas][Perú],POLITICAL_LEVEL_4,513752,280287,233465,54.55686790513711
220505,95,Perú,San Martin,Lamas,Cuñumbuqui,"LEVEL_4,LEVEL_3,LEVEL_2,LEVEL_1",INEI,2023,1334,[Cuñumbuqui][Lamas][San Martin][Perú],POLITICAL_LEVEL_4,206858,112762,94096,54.511790696999874
220507,95,Perú,San Martin,Lamas,Rumisapa,"LEVEL_4,LEVEL_3,LEVEL_2,LEVEL_1",INEI,2023,985,[Rumisapa][Lamas][San Martin][Perú],POLITICAL_LEVEL_4,37992,20554,17438,54.10086333965045
220913,95,Perú,San Martin,San Martin,Sauce,"LEVEL_4,LEVEL_3,LEVEL_2,LEVEL_1",INEI,2023,837,[Sauce][San Martin][San Martin][Perú],POLITICAL_LEVEL_4,114615,61904,52711,54.010382585176465
010608,95,Perú,Amazonas,Rodriguez De Mendoza,Milpuc,"LEVEL_4,LEVEL_3,LEVEL_2,LEVEL_1",INEI,2023,1248,[Milpuc][Rodriguez De Mendoza][Amazonas][Perú],POLITICAL_LEVEL_4,48938,26307,22631,53.75577261024153
220405,95,Perú,San Martin,Huallaga,Sacanche,"LEVEL_4,LEVEL_3,LEVEL_2,LEVEL_1",INEI,2023,897,[Sacanche][Huallaga][San Martin][Perú],POLITICAL_LEVEL_4,183740,98631,85109,53.67965603570263
220709,95,Perú,San Martin,Picota,Tingo De Ponasa,"LEVEL_4,LEVEL_3,LEVEL_2,LEVEL_1",INEI,2023,907,[Tingo De Ponasa][Picota][San Martin][Perú],POLITICAL_LEVEL_4,379893,201295,178598,52.98728852597968
220304,95,Perú,San Martin,El Dorado,Santa Rosa,"LEVEL_4,LEVEL_3,LEVEL_2,LEVEL_1",INEI,2023,1327,[Santa Rosa][El Dorado][San Martin][Perú],POLITICAL_LEVEL_4,282602,146478,136124,51.83190494051705
100903,95,Perú,Huanuco,Puerto Inca,Honoria,"LEVEL_4,LEVEL_3,LEVEL_2,LEVEL_1",INEI,2023,867,[Honoria][Puerto Inca][Huanuco][Perú],POLITICAL_LEVEL_4,1077000,550862,526138,51.14781801299907
220203,95,Perú,San Martin,Bellavista,Bajo Biavo,"LEVEL_4,LEVEL_3,LEVEL_2,LEVEL_1",INEI,2023,895,[Bajo Biavo][Bellavista][San Martin][Perú],POLITICAL_LEVEL_4,1269186,643725,625461,50.71951628839272
220710,95,Perú,San Martin,Picota,Tres Unidos,"LEVEL_4,LEVEL_3,LEVEL_2,LEVEL_1",INEI,2023,1326,[Tres Unidos][Picota][San Martin][Perú],POLITICAL_LEVEL_4,419316,210510,208806,50.20318804910855
220510,95,Perú,San Martin,Lamas,Tabalosos,"LEVEL_4,LEVEL_3,LEVEL_2,LEVEL_1",INEI,2023,1341,[Tabalosos][Lamas][San Martin][Perú],POLITICAL_LEVEL_4,409936,205190,204746,50.054154794894814
100904,95,Perú,Huanuco,Puerto Inca,Tournavista,"LEVEL_4,LEVEL_3,LEVEL_2,LEVEL_1",INEI,2023,868,[Tournavista][Puerto Inca][Huanuco][Perú],POLITICAL_LEVEL_4,1977045,970476,1006569,49.08719831870291
220701,95,Perú,San Martin,Picota,Picota,"LEVEL_4,LEVEL_3,LEVEL_2,LEVEL_1",INEI,2023,908,[Picota][Picota][San Martin][Perú],POLITICAL_LEVEL_4,246335,119887,126448,48.66827693993952
010707,95,Perú,Amazonas,Utcubamba,Yamon,"LEVEL_4,LEVEL_3,LEVEL_2,LEVEL_1",INEI,2023,1298,[Yamon][Utcubamba][Amazonas][Perú],POLITICAL_LEVEL_4,110733,53656,57077,48.45529336331536
220403,95,Perú,San Martin,Huallaga,El Eslabon,"LEVEL_4,LEVEL_3,LEVEL_2,LEVEL_1",INEI,2023,901,[El Eslabon][Huallaga][San Martin][Perú],POLITICAL_LEVEL_4,141590,68504,73086,48.381947877674975
250105,95,Perú,Ucayali,Coronel Portillo,Yarinacocha,"LEVEL_4,LEVEL_3,LEVEL_2,LEVEL_1",INEI,2023,1657,[Yarinacocha][Coronel Portillo][Ucayali][Perú],POLITICAL_LEVEL_4,750576,359799,390777,47.936384856430266
100803,95,Perú,Huanuco,Pachitea,Molino,"LEVEL_4,LEVEL_3,LEVEL_2,LEVEL_1",INEI,2023,800,[Molino][Pachitea][Huanuco][Perú],POLITICAL_LEVEL_4,88769,42478,46291,47.85229077718573
220914,95,Perú,San Martin,San Martin,Shapaja,"LEVEL_4,LEVEL_3,LEVEL_2,LEVEL_1",INEI,2023,1333,[Shapaja][San Martin][San Martin][Perú],POLITICAL_LEVEL_4,269288,127333,141955,47.28506283235792
010515,95,Perú,Amazonas,Luya,Providencia,"LEVEL_4,LEVEL_3,LEVEL_2,LEVEL_1",INEI,2023,1267,[Providencia][Luya][Amazonas][Perú],POLITICAL_LEVEL_4,89325,41938,47387,46.94990204310104
220205,95,Perú,San Martin,Bellavista,San Pablo,"LEVEL_4,LEVEL_3,LEVEL_2,LEVEL_1",INEI,2023,1325,[San Pablo][Bellavista][San Martin][Perú],POLITICAL_LEVEL_4,394100,184857,209243,46.90611519918802
220705,95,Perú,San Martin,Picota,Pucacaca,"LEVEL_4,LEVEL_3,LEVEL_2,LEVEL_1",INEI,2023,1324,[Pucacaca][Picota][San Martin][Perú],POLITICAL_LEVEL_4,230461,106704,123757,46.30024168948325
010106,95,Perú,Amazonas,Chachapoyas,Chuquibamba,"LEVEL_4,LEVEL_3,LEVEL_2,LEVEL_1",INEI,2023,797,[Chuquibamba][Chachapoyas][Amazonas][Perú],POLITICAL_LEVEL_4,35712,16493,19219,46.18335573476703
220601,95,Perú,San Martin,Mariscal Caceres,Juanjui,"LEVEL_4,LEVEL_3,LEVEL_2,LEVEL_1",INEI,2023,1648,[Juanjui][Mariscal Caceres][San Martin][Perú],POLITICAL_LEVEL_4,508439,234552,273887,46.131787687411865
100905,95,Perú,Huanuco,Puerto Inca,Yuyapichis,"LEVEL_4,LEVEL_3,LEVEL_2,LEVEL_1",INEI,2023,872,[Yuyapichis][Puerto Inca][Huanuco][Perú],POLITICAL_LEVEL_4,2349624,1082888,1266736,46.08771445984549
100608,95,Perú,Huanuco,Leoncio Prado,Castillo Grande,"LEVEL_4,LEVEL_3,LEVEL_2,LEVEL_1",INEI,2023,1535,[Castillo Grande][Leoncio Prado][Huanuco][Perú],POLITICAL_LEVEL_4,119465,54075,65390,45.26430335244632
220302,95,Perú,San Martin,El Dorado,Agua Blanca,"LEVEL_4,LEVEL_3,LEVEL_2,LEVEL_1",INEI,2023,1329,[Agua Blanca][El Dorado][San Martin][Perú],POLITICAL_LEVEL_4,173255,78380,94875,45.23967562263715
010514,95,Perú,Amazonas,Luya,Pisuquia,"LEVEL_4,LEVEL_3,LEVEL_2,LEVEL_1",INEI,2023,1249,[Pisuquia][Luya][Amazonas][Perú],POLITICAL_LEVEL_4,197909,89465,108444,45.20511952463001
250306,95,Perú,Ucayali,Padre Abad,Huipoca,"LEVEL_4,LEVEL_3,LEVEL_2,LEVEL_1",INEI,2023,1228,[Huipoca][Padre Abad][Ucayali][Perú],POLITICAL_LEVEL_4,671649,302824,368825,45.08664495889966
010611,95,Perú,Amazonas,Rodriguez De Mendoza,Totora,"LEVEL_4,LEVEL_3,LEVEL_2,LEVEL_1",INEI,2023,690,[Totora][Rodriguez De Mendoza][Amazonas][Perú],POLITICAL_LEVEL_4,22309,9933,12376,44.52463131471603
220706,95,Perú,San Martin,Picota,San Cristobal,"LEVEL_4,LEVEL_3,LEVEL_2,LEVEL_1",INEI,2023,900,[San Cristobal][Picota][San Martin][Perú],POLITICAL_LEVEL_4,34652,15267,19385,44.05806302666513
010303,95,Perú,Amazonas,Bongara,Churuja,"LEVEL_4,LEVEL_3,LEVEL_2,LEVEL_1",INEI,2023,1052,[Churuja][Bongara][Amazonas][Perú],POLITICAL_LEVEL_4,36309,15994,20315,44.04968465118841
220301,95,Perú,San Martin,El Dorado,San Jose De Sisa,"LEVEL_4,LEVEL_3,LEVEL_2,LEVEL_1",INEI,2023,970,[San Jose De Sisa][El Dorado][San Martin][Perú],POLITICAL_LEVEL_4,349155,153559,195596,43.9801807220289
010705,95,Perú,Amazonas,Utcubamba,Jamalca,"LEVEL_4,LEVEL_3,LEVEL_2,LEVEL_1",INEI,2023,1299,[Jamalca][Utcubamba][Amazonas][Perú],POLITICAL_LEVEL_4,360444,157730,202714,43.75991832295724
010306,95,Perú,Amazonas,Bongara,Florida,"LEVEL_4,LEVEL_3,LEVEL_2,LEVEL_1",INEI,2023,1295,[Florida][Bongara][Amazonas][Perú],POLITICAL_LEVEL_4,251386,109723,141663,43.64721981335476
220303,95,Perú,San Martin,El Dorado,San Martin,"LEVEL_4,LEVEL_3,LEVEL_2,LEVEL_1",INEI,2023,1337,[San Martin][El Dorado][San Martin][Perú],POLITICAL_LEVEL_4,588430,256710,331720,43.62625970803664
220106,95,Perú,San Martin,Moyobamba,Yantalo,"LEVEL_4,LEVEL_3,LEVEL_2,LEVEL_1",INEI,2023,1002,[Yantalo][Moyobamba][San Martin][Perú],POLITICAL_LEVEL_4,79733,34613,45120,43.411134661934206
220305,95,Perú,San Martin,El Dorado,Shatoja,"LEVEL_4,LEVEL_3,LEVEL_2,LEVEL_1",INEI,2023,1332,[Shatoja][El Dorado][San Martin][Perú],POLITICAL_LEVEL_4,70758,30693,40065,43.37742728737386
010104,95,Perú,Amazonas,Chachapoyas,Cheto,"LEVEL_4,LEVEL_3,LEVEL_2,LEVEL_1",INEI,2023,1269,[Cheto][Chachapoyas][Amazonas][Perú],POLITICAL_LEVEL_4,80099,34725,45374,43.35260115606936
160201,95,Perú,Loreto,Alto Amazonas,Yurimaguas,"LEVEL_4,LEVEL_3,LEVEL_2,LEVEL_1",INEI,2023,1604,[Yurimaguas][Alto Amazonas][Loreto][Perú],POLITICAL_LEVEL_4,2518632,1088477,1430155,43.21699239904837
060901,95,Perú,Cajamarca,San Ignacio,San Ignacio,"LEVEL_4,LEVEL_3,LEVEL_2,LEVEL_1",INEI,2023,1822,[San Ignacio][San Ignacio][Cajamarca][Perú],POLITICAL_LEVEL_4,401836,173336,228500,43.136005733682396
010706,95,Perú,Amazonas,Utcubamba,Lonya Grande,"LEVEL_4,LEVEL_3,LEVEL_2,LEVEL_1",INEI,2023,1285,[Lonya Grande][Utcubamba][Amazonas][Perú],POLITICAL_LEVEL_4,359917,154778,205139,43.00380365473151
220511,95,Perú,San Martin,Lamas,Zapatero,"LEVEL_4,LEVEL_3,LEVEL_2,LEVEL_1",INEI,2023,1331,[Zapatero][Lamas][San Martin][Perú],POLITICAL_LEVEL_4,197838,84737,113101,42.831508608053056
060811,95,Perú,Cajamarca,Jaen,San Jose Del Alto,"LEVEL_4,LEVEL_3,LEVEL_2,LEVEL_1",INEI,2023,1021,[San Jose Del Alto][Jaen][Cajamarca][Perú],POLITICAL_LEVEL_4,568865,242875,325990,42.69466393608325
010204,95,Perú,Amazonas,Bagua,El Parco,"LEVEL_4,LEVEL_3,LEVEL_2,LEVEL_1",INEI,2023,1058,[El Parco][Bagua][Amazonas][Perú],POLITICAL_LEVEL_4,10787,4568,6219,42.34726986187077
220401,95,Perú,San Martin,Huallaga,Saposoa,"LEVEL_4,LEVEL_3,LEVEL_2,LEVEL_1",INEI,2023,1074,[Saposoa][Huallaga][San Martin][Perú],POLITICAL_LEVEL_4,594851,250886,343965,42.17627607585765
010507,95,Perú,Amazonas,Luya,Longuita,"LEVEL_4,LEVEL_3,LEVEL_2,LEVEL_1",INEI,2023,1256,[Longuita][Luya][Amazonas][Perú],POLITICAL_LEVEL_4,39082,16345,22737,41.82232229670948
220908,95,Perú,San Martin,San Martin,Juan Guerra,"LEVEL_4,LEVEL_3,LEVEL_2,LEVEL_1",INEI,2023,1330,[Juan Guerra][San Martin][San Martin][Perú],POLITICAL_LEVEL_4,218067,91168,126899,41.807334443084
220808,95,Perú,San Martin,Rioja,Yorongos,"LEVEL_4,LEVEL_3,LEVEL_2,LEVEL_1",INEI,2023,1349,[Yorongos][Rioja][San Martin][Perú],POLITICAL_LEVEL_4,93049,38800,54249,41.698459951208505
120607,95,Perú,Junin,Satipo,Rio Negro,"LEVEL_4,LEVEL_3,LEVEL_2,LEVEL_1",INEI,2023,1560,[Rio Negro][Satipo][Junin][Perú],POLITICAL_LEVEL_4,559483,233266,326217,41.69313455457985
010502,95,Perú,Amazonas,Luya,Camporredondo,"LEVEL_4,LEVEL_3,LEVEL_2,LEVEL_1",INEI,2023,1272,[Camporredondo][Luya][Amazonas][Perú],POLITICAL_LEVEL_4,195802,81449,114353,41.59763434489944
060904,95,Perú,Cajamarca,San Ignacio,La Coipa,"LEVEL_4,LEVEL_3,LEVEL_2,LEVEL_1",INEI,2023,1480,[La Coipa][San Ignacio][Cajamarca][Perú],POLITICAL_LEVEL_4,427677,176700,250977,41.316226965677366
250106,95,Perú,Ucayali,Coronel Portillo,Nueva Requena,"LEVEL_4,LEVEL_3,LEVEL_2,LEVEL_1",INEI,2023,969,[Nueva Requena][Coronel Portillo][Ucayali][Perú],POLITICAL_LEVEL_4,2335288,964461,1370827,41.2994457214699
220802,95,Perú,San Martin,Rioja,Awajun,"LEVEL_4,LEVEL_3,LEVEL_2,LEVEL_1",INEI,2023,1005,[Awajun][Rioja][San Martin][Perú],POLITICAL_LEVEL_4,573322,234965,338357,40.98307757246364
060812,95,Perú,Cajamarca,Jaen,Santa Rosa,"LEVEL_4,LEVEL_3,LEVEL_2,LEVEL_1",INEI,2023,1370,[Santa Rosa][Jaen][Cajamarca][Perú],POLITICAL_LEVEL_4,260486,106407,154079,40.8494122524819
250302,95,Perú,Ucayali,Padre Abad,Irazola,"LEVEL_4,LEVEL_3,LEVEL_2,LEVEL_1",INEI,2023,961,[Irazola][Padre Abad][Ucayali][Perú],POLITICAL_LEVEL_4,2131944,870523,1261421,40.83235769795079
010109,95,Perú,Amazonas,Chachapoyas,La Jalca,"LEVEL_4,LEVEL_3,LEVEL_2,LEVEL_1",INEI,2023,1246,[La Jalca][Chachapoyas][Amazonas][Perú],POLITICAL_LEVEL_4,140726,57080,83646,40.561090345778325
220906,95,Perú,San Martin,San Martin,El Porvenir,"LEVEL_4,LEVEL_3,LEVEL_2,LEVEL_1",INEI,2023,1348,[El Porvenir][San Martin][San Martin][Perú],POLITICAL_LEVEL_4,553548,223905,329643,40.44906674759912
010206,95,Perú,Amazonas,Bagua,La Peca,"LEVEL_4,LEVEL_3,LEVEL_2,LEVEL_1",INEI,2023,1060,[La Peca][Bagua][Amazonas][Perú],POLITICAL_LEVEL_4,133440,53542,79898,40.124400479616305
220707,95,Perú,San Martin,Picota,San Hilarion,"LEVEL_4,LEVEL_3,LEVEL_2,LEVEL_1",INEI,2023,904,[San Hilarion][Picota][San Martin][Perú],POLITICAL_LEVEL_4,118744,47519,71225,40.018021963214984
220806,95,Perú,San Martin,Rioja,Posic,"LEVEL_4,LEVEL_3,LEVEL_2,LEVEL_1",INEI,2023,1001,[Posic][Rioja][San Martin][Perú],POLITICAL_LEVEL_4,60252,24106,36146,40.00863041890725
220406,95,Perú,San Martin,Huallaga,Tingo De Saposoa,"LEVEL_4,LEVEL_3,LEVEL_2,LEVEL_1",INEI,2023,898,[Tingo De Saposoa][Huallaga][San Martin][Perú],POLITICAL_LEVEL_4,53693,21079,32614,39.258376324660574
100901,95,Perú,Huanuco,Puerto Inca,Puerto Inca,"LEVEL_4,LEVEL_3,LEVEL_2,LEVEL_1",INEI,2023,812,[Puerto Inca][Puerto Inca][Huanuco][Perú],POLITICAL_LEVEL_4,2715919,1065456,1650463,39.230035947316544
010513,95,Perú,Amazonas,Luya,Ocumal,"LEVEL_4,LEVEL_3,LEVEL_2,LEVEL_1",INEI,2023,1266,[Ocumal][Luya][Amazonas][Perú],POLITICAL_LEVEL_4,349025,136317,212708,39.05651457631974
010105,95,Perú,Amazonas,Chachapoyas,Chiliquin,"LEVEL_4,LEVEL_3,LEVEL_2,LEVEL_1",INEI,2023,1283,[Chiliquin][Chachapoyas][Amazonas][Perú],POLITICAL_LEVEL_4,160342,62492,97850,38.97419266318245
220105,95,Perú,San Martin,Moyobamba,Soritor,"LEVEL_4,LEVEL_3,LEVEL_2,LEVEL_1",INEI,2023,1647,[Soritor][Moyobamba][San Martin][Perú],POLITICAL_LEVEL_4,659075,255600,403475,38.7816257633805
220201,95,Perú,San Martin,Bellavista,Bellavista,"LEVEL_4,LEVEL_3,LEVEL_2,LEVEL_1",INEI,2023,905,[Bellavista][Bellavista][San Martin][Perú],POLITICAL_LEVEL_4,294028,113950,180078,38.754812466839894
060803,95,Perú,Cajamarca,Jaen,Chontali,"LEVEL_4,LEVEL_3,LEVEL_2,LEVEL_1",INEI,2023,1022,[Chontali][Jaen][Cajamarca][Perú],POLITICAL_LEVEL_4,521791,202075,319716,38.72719153837456
010511,95,Perú,Amazonas,Luya,Maria,"LEVEL_4,LEVEL_3,LEVEL_2,LEVEL_1",INEI,2023,1252,[Maria][Luya][Amazonas][Perú],POLITICAL_LEVEL_4,63361,24496,38865,38.66100598159751
100605,95,Perú,Huanuco,Leoncio Prado,Luyando,"LEVEL_4,LEVEL_3,LEVEL_2,LEVEL_1",INEI,2023,855,[Luyando][Leoncio Prado][Huanuco][Perú],POLITICAL_LEVEL_4,127998,49298,78700,38.51466429162956
010307,95,Perú,Amazonas,Bongara,Jazan,"LEVEL_4,LEVEL_3,LEVEL_2,LEVEL_1",INEI,2023,1289,[Jazan][Bongara][Amazonas][Perú],POLITICAL_LEVEL_4,86069,32841,53228,38.15659528982561
010102,95,Perú,Amazonas,Chachapoyas,Asuncion,"LEVEL_4,LEVEL_3,LEVEL_2,LEVEL_1",INEI,2023,1288,[Asuncion][Chachapoyas][Amazonas][Perú],POLITICAL_LEVEL_4,39892,15151,24741,37.98004612453625
010510,95,Perú,Amazonas,Luya,Luya Viejo,"LEVEL_4,LEVEL_3,LEVEL_2,LEVEL_1",INEI,2023,1286,[Luya Viejo][Luya][Amazonas][Perú],POLITICAL_LEVEL_4,77576,29401,48175,37.89960812622461
010521,95,Perú,Amazonas,Luya,Santo Tomas,"LEVEL_4,LEVEL_3,LEVEL_2,LEVEL_1",INEI,2023,1241,[Santo Tomas][Luya][Amazonas][Perú],POLITICAL_LEVEL_4,82767,31322,51445,37.84358500368504
100601,95,Perú,Huanuco,Leoncio Prado,Rupa-Rupa,"LEVEL_4,LEVEL_3,LEVEL_2,LEVEL_1",INEI,2023,1532,[Rupa-Rupa][Leoncio Prado][Huanuco][Perú],POLITICAL_LEVEL_4,298195,111487,186708,37.38728013548182
010305,95,Perú,Amazonas,Bongara,Cuispes,"LEVEL_4,LEVEL_3,LEVEL_2,LEVEL_1",INEI,2023,1292,[Cuispes][Bongara][Amazonas][Perú],POLITICAL_LEVEL_4,109406,40667,68739,37.170721898250555
060905,95,Perú,Cajamarca,San Ignacio,Namballe,"LEVEL_4,LEVEL_3,LEVEL_2,LEVEL_1",INEI,2023,1823,[Namballe][San Ignacio][Cajamarca][Perú],POLITICAL_LEVEL_4,712847,264891,447956,37.159586839812754
010119,95,Perú,Amazonas,Chachapoyas,San Isidro De Maino,"LEVEL_4,LEVEL_3,LEVEL_2,LEVEL_1",INEI,2023,1260,[San Isidro De Maino][Chachapoyas][Amazonas][Perú],POLITICAL_LEVEL_4,122539,45503,77036,37.13348403365459
010103,95,Perú,Amazonas,Chachapoyas,Balsas,"LEVEL_4,LEVEL_3,LEVEL_2,LEVEL_1",INEI,2023,1234,[Balsas][Chachapoyas][Amazonas][Perú],POLITICAL_LEVEL_4,114050,42195,71855,36.99693117053924
220912,95,Perú,San Martin,San Martin,San Antonio,"LEVEL_4,LEVEL_3,LEVEL_2,LEVEL_1",INEI,2023,1237,[San Antonio][San Martin][San Martin][Perú],POLITICAL_LEVEL_4,89079,32586,56493,36.581012359815446
220903,95,Perú,San Martin,San Martin,Cacatachi,"LEVEL_4,LEVEL_3,LEVEL_2,LEVEL_1",INEI,2023,977,[Cacatachi][San Martin][San Martin][Perú],POLITICAL_LEVEL_4,59830,21808,38022,36.449941500919266
120602,95,Perú,Junin,Satipo,Coviriali,"LEVEL_4,LEVEL_3,LEVEL_2,LEVEL_1",INEI,2023,666,[Coviriali][Satipo][Junin][Perú],POLITICAL_LEVEL_4,112222,40903,71319,36.44828999661385
120304,95,Perú,Junin,Chanchamayo,San Luis De Shuaro,"LEVEL_4,LEVEL_3,LEVEL_2,LEVEL_1",INEI,2023,869,[San Luis De Shuaro][Chanchamayo][Junin][Perú],POLITICAL_LEVEL_4,221016,80465,140551,36.40686647120571
120601,95,Perú,Junin,Satipo,Satipo,"LEVEL_4,LEVEL_3,LEVEL_2,LEVEL_1",INEI,2023,1557,[Satipo][Satipo][Junin][Perú],POLITICAL_LEVEL_4,934256,339807,594449,36.37193659981847
010112,95,Perú,Amazonas,Chachapoyas,Magdalena,"LEVEL_4,LEVEL_3,LEVEL_2,LEVEL_1",INEI,2023,1255,[Magdalena][Chachapoyas][Amazonas][Perú],POLITICAL_LEVEL_4,153609,54831,98778,35.69517411089194
010110,95,Perú,Amazonas,Chachapoyas,Leimebamba,"LEVEL_4,LEVEL_3,LEVEL_2,LEVEL_1",INEI,2023,1235,[Leimebamba][Chachapoyas][Amazonas][Perú],POLITICAL_LEVEL_4,245000,87234,157766,35.605714285714285
220102,95,Perú,San Martin,Moyobamba,Calzada,"LEVEL_4,LEVEL_3,LEVEL_2,LEVEL_1",INEI,2023,990,[Calzada][Moyobamba][San Martin][Perú],POLITICAL_LEVEL_4,131637,46824,84813,35.57054627498348
060902,95,Perú,Cajamarca,San Ignacio,Chirinos,"LEVEL_4,LEVEL_3,LEVEL_2,LEVEL_1",INEI,2023,1375,[Chirinos][San Ignacio][Cajamarca][Perú],POLITICAL_LEVEL_4,284363,100354,184009,35.29080787584883
010610,95,Perú,Amazonas,Rodriguez De Mendoza,Santa Rosa,"LEVEL_4,LEVEL_3,LEVEL_2,LEVEL_1",INEI,2023,1262,[Santa Rosa][Rodriguez De Mendoza][Amazonas][Perú],POLITICAL_LEVEL_4,23172,8131,15041,35.08976350768169
220503,95,Perú,San Martin,Lamas,Barranquita,"LEVEL_4,LEVEL_3,LEVEL_2,LEVEL_1",INEI,2023,1346,[Barranquita][Lamas][San Martin][Perú],POLITICAL_LEVEL_4,1193279,418397,774882,35.062797551955576
010503,95,Perú,Amazonas,Luya,Cocabamba,"LEVEL_4,LEVEL_3,LEVEL_2,LEVEL_1",INEI,2023,1242,[Cocabamba][Luya][Amazonas][Perú],POLITICAL_LEVEL_4,194956,68320,126636,35.04380475594493
220801,95,Perú,San Martin,Rioja,Rioja,"LEVEL_4,LEVEL_3,LEVEL_2,LEVEL_1",INEI,2023,1649,[Rioja][Rioja][San Martin][Perú],POLITICAL_LEVEL_4,236785,82939,153846,35.02713432016386
220703,95,Perú,San Martin,Picota,Caspisapa,"LEVEL_4,LEVEL_3,LEVEL_2,LEVEL_1",INEI,2023,829,[Caspisapa][Picota][San Martin][Perú],POLITICAL_LEVEL_4,86482,30282,56200,35.01537892278162
080904,95,Perú,Cusco,La Convencion,Maranura,"LEVEL_4,LEVEL_3,LEVEL_2,LEVEL_1",INEI,2023,433,[Maranura][La Convencion][Cusco][Perú],POLITICAL_LEVEL_4,190329,66565,123764,34.973650888724265
010117,95,Perú,Amazonas,Chachapoyas,Quinjalca,"LEVEL_4,LEVEL_3,LEVEL_2,LEVEL_1",INEI,2023,1279,[Quinjalca][Chachapoyas][Amazonas][Perú],POLITICAL_LEVEL_4,93879,32784,61095,34.92154795002077
060805,95,Perú,Cajamarca,Jaen,Huabal,"LEVEL_4,LEVEL_3,LEVEL_2,LEVEL_1",INEI,2023,1376,[Huabal][Jaen][Cajamarca][Perú],POLITICAL_LEVEL_4,93818,32751,61067,34.9090792811614
250303,95,Perú,Ucayali,Padre Abad,Curimana,"LEVEL_4,LEVEL_3,LEVEL_2,LEVEL_1",INEI,2023,963,[Curimana][Padre Abad][Ucayali][Perú],POLITICAL_LEVEL_4,2130961,742492,1388469,34.84305907053203
010308,95,Perú,Amazonas,Bongara,Recta,"LEVEL_4,LEVEL_3,LEVEL_2,LEVEL_1",INEI,2023,1290,[Recta][Bongara][Amazonas][Perú],POLITICAL_LEVEL_4,32037,11140,20897,34.77229453444455
010115,95,Perú,Amazonas,Chachapoyas,Montevideo,"LEVEL_4,LEVEL_3,LEVEL_2,LEVEL_1",INEI,2023,1238,[Montevideo][Chachapoyas][Amazonas][Perú],POLITICAL_LEVEL_4,139737,48503,91234,34.71020560052098
010114,95,Perú,Amazonas,Chachapoyas,Molinopampa,"LEVEL_4,LEVEL_3,LEVEL_2,LEVEL_1",INEI,2023,726,[Molinopampa][Chachapoyas][Amazonas][Perú],POLITICAL_LEVEL_4,384895,133426,251469,34.66555813923278
060801,95,Perú,Cajamarca,Jaen,Jaen,"LEVEL_4,LEVEL_3,LEVEL_2,LEVEL_1",INEI,2023,1520,[Jaen][Jaen][Cajamarca][Perú],POLITICAL_LEVEL_4,454008,156408,297600,34.450494264418246
210310,95,Perú,Puno,Carabaya,Usicayos,"LEVEL_4,LEVEL_3,LEVEL_2,LEVEL_1",INEI,2023,216,[Usicayos][Carabaya][Puno][Perú],POLITICAL_LEVEL_4,42971,14632,28339,34.05087151800051
100104,95,Perú,Huanuco,Huanuco,Churubamba,"LEVEL_4,LEVEL_3,LEVEL_2,LEVEL_1",INEI,2023,799,[Churubamba][Huanuco][Huanuco][Perú],POLITICAL_LEVEL_4,100698,34245,66453,34.00762676517905
010120,95,Perú,Amazonas,Chachapoyas,Soloco,"LEVEL_4,LEVEL_3,LEVEL_2,LEVEL_1",INEI,2023,1268,[Soloco][Chachapoyas][Amazonas][Perú],POLITICAL_LEVEL_4,85323,28993,56330,33.98028667533959
100113,95,Perú,Huanuco,Huanuco,San Pablo De Pillao,"LEVEL_4,LEVEL_3,LEVEL_2,LEVEL_1",INEI,2023,1220,[San Pablo De Pillao][Huanuco][Huanuco][Perú],POLITICAL_LEVEL_4,675194,227316,447878,33.66676836583263
010602,95,Perú,Amazonas,Rodriguez De Mendoza,Chirimoto,"LEVEL_4,LEVEL_3,LEVEL_2,LEVEL_1",INEI,2023,1243,[Chirimoto][Rodriguez De Mendoza][Amazonas][Perú],POLITICAL_LEVEL_4,174521,58674,115847,33.62002280527845
100603,95,Perú,Huanuco,Leoncio Prado,Hermilio Valdizan,"LEVEL_4,LEVEL_3,LEVEL_2,LEVEL_1",INEI,2023,1227,[Hermilio Valdizan][Leoncio Prado][Huanuco][Perú],POLITICAL_LEVEL_4,326199,108921,217278,33.39096686378561
010111,95,Perú,Amazonas,Chachapoyas,Levanto,"LEVEL_4,LEVEL_3,LEVEL_2,LEVEL_1",INEI,2023,1263,[Levanto][Chachapoyas][Amazonas][Perú],POLITICAL_LEVEL_4,85460,28442,57018,33.281067165925585
010518,95,Perú,Amazonas,Luya,San Jeronimo,"LEVEL_4,LEVEL_3,LEVEL_2,LEVEL_1",INEI,2023,1054,[San Jeronimo][Luya][Amazonas][Perú],POLITICAL_LEVEL_4,235689,78247,157442,33.19925834468304
010609,95,Perú,Amazonas,Rodriguez De Mendoza,Omia,"LEVEL_4,LEVEL_3,LEVEL_2,LEVEL_1",INEI,2023,1261,[Omia][Rodriguez De Mendoza][Amazonas][Perú],POLITICAL_LEVEL_4,254737,84445,170292,33.149876146770985
100902,95,Perú,Huanuco,Puerto Inca,Codo Del Pozuzo,"LEVEL_4,LEVEL_3,LEVEL_2,LEVEL_1",INEI,2023,813,[Codo Del Pozuzo][Puerto Inca][Huanuco][Perú],POLITICAL_LEVEL_4,3661868,1210950,2450918,33.06918763865874
010113,95,Perú,Amazonas,Chachapoyas,Mariscal Castilla,"LEVEL_4,LEVEL_3,LEVEL_2,LEVEL_1",INEI,2023,1236,[Mariscal Castilla][Chachapoyas][Amazonas][Perú],POLITICAL_LEVEL_4,89574,29598,59976,33.043070533860266
220101,95,Perú,San Martin,Moyobamba,Moyobamba,"LEVEL_4,LEVEL_3,LEVEL_2,LEVEL_1",INEI,2023,1646,[Moyobamba][Moyobamba][San Martin][Perú],POLITICAL_LEVEL_4,3042006,1004569,2037437,33.023241900246084
010310,95,Perú,Amazonas,Bongara,Shipasbamba,"LEVEL_4,LEVEL_3,LEVEL_2,LEVEL_1",INEI,2023,1293,[Shipasbamba][Bongara][Amazonas][Perú],POLITICAL_LEVEL_4,142183,46758,95425,32.88578803373118
010311,95,Perú,Amazonas,Bongara,Valera,"LEVEL_4,LEVEL_3,LEVEL_2,LEVEL_1",INEI,2023,1282,[Valera][Bongara][Amazonas][Perú],POLITICAL_LEVEL_4,88735,28833,59902,32.49337916267538
060907,95,Perú,Cajamarca,San Ignacio,Tabaconas,"LEVEL_4,LEVEL_3,LEVEL_2,LEVEL_1",INEI,2023,1481,[Tabaconas][San Ignacio][Cajamarca][Perú],POLITICAL_LEVEL_4,871106,282301,588805,32.40719269526326
120427,95,Perú,Junin,Jauja,Ricran,"LEVEL_4,LEVEL_3,LEVEL_2,LEVEL_1",INEI,2023,625,[Ricran][Jauja][Junin][Perú],POLITICAL_LEVEL_4,709,226,483,31.875881523272216
010506,95,Perú,Amazonas,Luya,Inguilpata,"LEVEL_4,LEVEL_3,LEVEL_2,LEVEL_1",INEI,2023,1270,[Inguilpata][Luya][Amazonas][Perú],POLITICAL_LEVEL_4,132625,42257,90368,31.86201696512724
160112,95,Perú,Loreto,Maynas,Belen,"LEVEL_4,LEVEL_3,LEVEL_2,LEVEL_1",INEI,2023,1602,[Belen][Maynas][Loreto][Perú],POLITICAL_LEVEL_4,735637,234301,501336,31.85008366898348
200303,95,Perú,Piura,Huancabamba,El Carmen De La Frontera,"LEVEL_4,LEVEL_3,LEVEL_2,LEVEL_1",INEI,2023,1824,[El Carmen De La Frontera][Huancabamba][Piura][Perú],POLITICAL_LEVEL_4,559488,177343,382145,31.69737331274308
220803,95,Perú,San Martin,Rioja,Elias Soplin Vargas,"LEVEL_4,LEVEL_3,LEVEL_2,LEVEL_1",INEI,2023,1650,[Elias Soplin Vargas][Rioja][San Martin][Perú],POLITICAL_LEVEL_4,191857,60744,131113,31.661080909218846
220506,95,Perú,San Martin,Lamas,Pinto Recodo,"LEVEL_4,LEVEL_3,LEVEL_2,LEVEL_1",INEI,2023,1347,[Pinto Recodo][Lamas][San Martin][Perú],POLITICAL_LEVEL_4,633053,199733,433320,31.550754834113416
010517,95,Perú,Amazonas,Luya,San Francisco Del Yeso,"LEVEL_4,LEVEL_3,LEVEL_2,LEVEL_1",INEI,2023,1239,[San Francisco Del Yeso][Luya][Amazonas][Perú],POLITICAL_LEVEL_4,173202,54344,118858,31.376081107608456
120303,95,Perú,Junin,Chanchamayo,Pichanaqui,"LEVEL_4,LEVEL_3,LEVEL_2,LEVEL_1",INEI,2023,1553,[Pichanaqui][Chanchamayo][Junin][Perú],POLITICAL_LEVEL_4,1361171,425501,935670,31.25992252259268
080908,95,Perú,Cusco,La Convencion,Santa Teresa,"LEVEL_4,LEVEL_3,LEVEL_2,LEVEL_1",INEI,2023,438,[Santa Teresa][La Convencion][Cusco][Perú],POLITICAL_LEVEL_4,672649,209997,462652,31.21940268996163
100103,95,Perú,Huanuco,Huanuco,Chinchao,"LEVEL_4,LEVEL_3,LEVEL_2,LEVEL_1",INEI,2023,842,[Chinchao][Huanuco][Huanuco][Perú],POLITICAL_LEVEL_4,786998,245013,541985,31.13260770675402
010202,95,Perú,Amazonas,Bagua,Aramango,"LEVEL_4,LEVEL_3,LEVEL_2,LEVEL_1",INEI,2023,1061,[Aramango][Bagua][Amazonas][Perú],POLITICAL_LEVEL_4,867327,268230,599097,30.92605211183325
010606,95,Perú,Amazonas,Rodriguez De Mendoza,Longar,"LEVEL_4,LEVEL_3,LEVEL_2,LEVEL_1",INEI,2023,1259,[Longar][Rodriguez De Mendoza][Amazonas][Perú],POLITICAL_LEVEL_4,93588,28662,64926,30.62572124631363
160101,95,Perú,Loreto,Maynas,Iquitos,"LEVEL_4,LEVEL_3,LEVEL_2,LEVEL_1",INEI,2023,1622,[Iquitos][Maynas][Loreto][Perú],POLITICAL_LEVEL_4,414693,126612,288081,30.531501616858737
221001,95,Perú,San Martin,Tocache,Tocache,"LEVEL_4,LEVEL_3,LEVEL_2,LEVEL_1",INEI,2023,1473,[Tocache][Tocache][San Martin][Perú],POLITICAL_LEVEL_4,1141914,347168,794746,30.40228948940113
080901,95,Perú,Cusco,La Convencion,Santa Ana,"LEVEL_4,LEVEL_3,LEVEL_2,LEVEL_1",INEI,2023,1493,[Santa Ana][La Convencion][Cusco][Perú],POLITICAL_LEVEL_4,439465,133124,306341,30.29228721286109
050409,95,Perú,Ayacucho,Huanta,Canayre,"LEVEL_4,LEVEL_3,LEVEL_2,LEVEL_1",INEI,2023,478,[Canayre][Huanta][Ayacucho][Perú],POLITICAL_LEVEL_4,310183,93752,216431,30.22473829964892
221002,95,Perú,San Martin,Tocache,Nuevo Progreso,"LEVEL_4,LEVEL_3,LEVEL_2,LEVEL_1",INEI,2023,888,[Nuevo Progreso][Tocache][San Martin][Perú],POLITICAL_LEVEL_4,936488,282485,654003,30.16429468396819
100609,95,Perú,Huanuco,Leoncio Prado,Pueblo Nuevo,"LEVEL_4,LEVEL_3,LEVEL_2,LEVEL_1",INEI,2023,1225,[Pueblo Nuevo][Leoncio Prado][Huanuco][Perú],POLITICAL_LEVEL_4,365872,109547,256325,29.94134560720689
120302,95,Perú,Junin,Chanchamayo,Perene,"LEVEL_4,LEVEL_3,LEVEL_2,LEVEL_1",INEI,2023,1552,[Perene][Chanchamayo][Junin][Perú],POLITICAL_LEVEL_4,1650475,493889,1156586,29.924052166800468
080903,95,Perú,Cusco,La Convencion,Huayopata,"LEVEL_4,LEVEL_3,LEVEL_2,LEVEL_1",INEI,2023,431,[Huayopata][La Convencion][Cusco][Perú],POLITICAL_LEVEL_4,438468,130867,307601,29.846419807146702
010604,95,Perú,Amazonas,Rodriguez De Mendoza,Huambo,"LEVEL_4,LEVEL_3,LEVEL_2,LEVEL_1",INEI,2023,1254,[Huambo][Rodriguez De Mendoza][Amazonas][Perú],POLITICAL_LEVEL_4,88220,26181,62039,29.6769440036273
010512,95,Perú,Amazonas,Luya,Ocalli,"LEVEL_4,LEVEL_3,LEVEL_2,LEVEL_1",INEI,2023,723,[Ocalli][Luya][Amazonas][Perú],POLITICAL_LEVEL_4,187035,54043,132992,28.89459192129815
010101,95,Perú,Amazonas,Chachapoyas,Chachapoyas,"LEVEL_4,LEVEL_3,LEVEL_2,LEVEL_1",INEI,2023,1453,[Chachapoyas][Chachapoyas][Amazonas][Perú],POLITICAL_LEVEL_4,173650,50087,123563,28.843651022171034
060903,95,Perú,Cajamarca,San Ignacio,Huarango,"LEVEL_4,LEVEL_3,LEVEL_2,LEVEL_1",INEI,2023,1826,[Huarango][San Ignacio][Cajamarca][Perú],POLITICAL_LEVEL_4,1024474,293381,731093,28.637232374857728
010116,95,Perú,Amazonas,Chachapoyas,Olleros,"LEVEL_4,LEVEL_3,LEVEL_2,LEVEL_1",INEI,2023,1056,[Olleros][Chachapoyas][Amazonas][Perú],POLITICAL_LEVEL_4,121131,34543,86588,28.5170600424334
010605,95,Perú,Amazonas,Rodriguez De Mendoza,Limabamba,"LEVEL_4,LEVEL_3,LEVEL_2,LEVEL_1",INEI,2023,1251,[Limabamba][Rodriguez De Mendoza][Amazonas][Perú],POLITICAL_LEVEL_4,694890,196511,498379,28.279439911352878
100804,95,Perú,Huanuco,Pachitea,Umari,"LEVEL_4,LEVEL_3,LEVEL_2,LEVEL_1",INEI,2023,801,[Umari][Pachitea][Huanuco][Perú],POLITICAL_LEVEL_4,157659,44421,113238,28.175365821171006
211205,95,Perú,Puno,Sandia,Phara,"LEVEL_4,LEVEL_3,LEVEL_2,LEVEL_1",INEI,2023,211,[Phara][Sandia][Puno][Perú],POLITICAL_LEVEL_4,330059,92559,237500,28.043168039653516
220504,95,Perú,San Martin,Lamas,Caynarachi,"LEVEL_4,LEVEL_3,LEVEL_2,LEVEL_1",INEI,2023,1344,[Caynarachi][Lamas][San Martin][Perú],POLITICAL_LEVEL_4,1434334,401171,1033163,27.969148050593517
211202,95,Perú,Puno,Sandia,Cuyocuyo,"LEVEL_4,LEVEL_3,LEVEL_2,LEVEL_1",INEI,2023,199,[Cuyocuyo][Sandia][Puno][Perú],POLITICAL_LEVEL_4,191,53,138,27.748691099476442
100702,95,Perú,Huanuco,Marañon,Cholon,"LEVEL_4,LEVEL_3,LEVEL_2,LEVEL_1",INEI,2023,825,[Cholon][Marañon][Huanuco][Perú],POLITICAL_LEVEL_4,1717093,472914,1244179,27.541548419334305
080905,95,Perú,Cusco,La Convencion,Ocobamba,"LEVEL_4,LEVEL_3,LEVEL_2,LEVEL_1",INEI,2023,434,[Ocobamba][La Convencion][Cusco][Perú],POLITICAL_LEVEL_4,681551,187660,493891,27.534256423950666
080404,95,Perú,Cusco,Calca,Lares,"LEVEL_4,LEVEL_3,LEVEL_2,LEVEL_1",INEI,2023,432,[Lares][Calca][Cusco][Perú],POLITICAL_LEVEL_4,24673,6793,17880,27.532120131317633
120609,95,Perú,Junin,Satipo,Vizcatán Del Ene,"LEVEL_4,LEVEL_3,LEVEL_2,LEVEL_1",INEI,2023,775,[Vizcatán Del Ene][Satipo][Junin][Perú],POLITICAL_LEVEL_4,698173,191865,506308,27.48101115339608
010304,95,Perú,Amazonas,Bongara,Corosha,"LEVEL_4,LEVEL_3,LEVEL_2,LEVEL_1",INEI,2023,1296,[Corosha][Bongara][Amazonas][Perú],POLITICAL_LEVEL_4,72919,19844,53075,27.213757731181175
081304,95,Perú,Cusco,Urubamba,Machupicchu,"LEVEL_4,LEVEL_3,LEVEL_2,LEVEL_1",INEI,2023,440,[Machupicchu][Urubamba][Cusco][Perú],POLITICAL_LEVEL_4,219196,59575,159621,27.178871877224037
100311,95,Perú,Huanuco,Dos De Mayo,Marias,"LEVEL_4,LEVEL_3,LEVEL_2,LEVEL_1",INEI,2023,848,[Marias][Dos De Mayo][Huanuco][Perú],POLITICAL_LEVEL_4,146711,39724,106987,27.076361009058626
081103,95,Perú,Cusco,Paucartambo,Challabamba,"LEVEL_4,LEVEL_3,LEVEL_2,LEVEL_1",INEI,2023,429,[Challabamba][Paucartambo][Cusco][Perú],POLITICAL_LEVEL_4,164948,44587,120361,27.030943085093483
221005,95,Perú,San Martin,Tocache,Uchiza,"LEVEL_4,LEVEL_3,LEVEL_2,LEVEL_1",INEI,2023,886,[Uchiza][Tocache][San Martin][Perú],POLITICAL_LEVEL_4,681350,183464,497886,26.926542892786383
220807,95,Perú,San Martin,Rioja,San Fernando,"LEVEL_4,LEVEL_3,LEVEL_2,LEVEL_1",INEI,2023,1004,[San Fernando][Rioja][San Martin][Perú],POLITICAL_LEVEL_4,79097,21247,57850,26.86195430926584
211204,95,Perú,Puno,Sandia,Patambuco,"LEVEL_4,LEVEL_3,LEVEL_2,LEVEL_1",INEI,2023,201,[Patambuco][Sandia][Puno][Perú],POLITICAL_LEVEL_4,112181,30128,82053,26.85659781959512
050512,95,Perú,Ayacucho,La Mar,Union Progreso,"LEVEL_4,LEVEL_3,LEVEL_2,LEVEL_1",INEI,2023,780,[Union Progreso][La Mar][Ayacucho][Perú],POLITICAL_LEVEL_4,45500,12209,33291,26.83296703296703
160503,95,Perú,Loreto,Requena,Capelo,"LEVEL_4,LEVEL_3,LEVEL_2,LEVEL_1",INEI,2023,1302,[Capelo][Requena][Loreto][Perú],POLITICAL_LEVEL_4,903125,241307,661818,26.71911418685121
220910,95,Perú,San Martin,San Martin,Morales,"LEVEL_4,LEVEL_3,LEVEL_2,LEVEL_1",INEI,2023,1463,[Morales][San Martin][San Martin][Perú],POLITICAL_LEVEL_4,57964,15389,42575,26.54923745773238
120604,95,Perú,Junin,Satipo,Mazamari,"LEVEL_4,LEVEL_3,LEVEL_2,LEVEL_1",INEI,2023,1558,[Mazamari][Satipo][Junin][Perú],POLITICAL_LEVEL_4,1440452,381487,1058965,26.4838397947311
010520,95,Perú,Amazonas,Luya,Santa Catalina,"LEVEL_4,LEVEL_3,LEVEL_2,LEVEL_1",INEI,2023,1284,[Santa Catalina][Luya][Amazonas][Perú],POLITICAL_LEVEL_4,186531,49177,137354,26.363982394347317
010603,95,Perú,Amazonas,Rodriguez De Mendoza,Cochamal,"LEVEL_4,LEVEL_3,LEVEL_2,LEVEL_1",INEI,2023,1264,[Cochamal][Rodriguez De Mendoza][Amazonas][Perú],POLITICAL_LEVEL_4,205140,54041,151099,26.343472750316856
010601,95,Perú,Amazonas,Rodriguez De Mendoza,San Nicolas,"LEVEL_4,LEVEL_3,LEVEL_2,LEVEL_1",INEI,2023,1257,[San Nicolas][Rodriguez De Mendoza][Amazonas][Perú],POLITICAL_LEVEL_4,116128,30409,85719,26.18576054009369
050408,95,Perú,Ayacucho,Huanta,Llochegua,"LEVEL_4,LEVEL_3,LEVEL_2,LEVEL_1",INEI,2023,477,[Llochegua][Huanta][Ayacucho][Perú],POLITICAL_LEVEL_4,520598,136022,384576,26.12802968893465
010519,95,Perú,Amazonas,Luya,San Juan De Lopecancha,"LEVEL_4,LEVEL_3,LEVEL_2,LEVEL_1",INEI,2023,1250,[San Juan De Lopecancha][Luya][Amazonas][Perú],POLITICAL_LEVEL_4,97096,25178,71918,25.931037323885636
160211,95,Perú,Loreto,Alto Amazonas,Teniente Cesar Lopez Rojas,"LEVEL_4,LEVEL_3,LEVEL_2,LEVEL_1",INEI,2023,1317,[Teniente Cesar Lopez Rojas][Alto Amazonas][Loreto][Perú],POLITICAL_LEVEL_4,1489698,385306,1104392,25.864705463791992
050511,95,Perú,Ayacucho,La Mar,Oronccoy,"LEVEL_4,LEVEL_3,LEVEL_2,LEVEL_1",INEI,2023,451,[Oronccoy][La Mar][Ayacucho][Perú],POLITICAL_LEVEL_4,187962,48455,139507,25.779146848831147
060804,95,Perú,Cajamarca,Jaen,Colasay,"LEVEL_4,LEVEL_3,LEVEL_2,LEVEL_1",INEI,2023,1025,[Colasay][Jaen][Cajamarca][Perú],POLITICAL_LEVEL_4,587544,150209,437335,25.565574663344364
010203,95,Perú,Amazonas,Bagua,Copallin,"LEVEL_4,LEVEL_3,LEVEL_2,LEVEL_1",INEI,2023,1300,[Copallin][Bagua][Amazonas][Perú],POLITICAL_LEVEL_4,79298,20183,59115,25.45209210824989
010504,95,Perú,Amazonas,Luya,Colcamar,"LEVEL_4,LEVEL_3,LEVEL_2,LEVEL_1",INEI,2023,1265,[Colcamar][Luya][Amazonas][Perú],POLITICAL_LEVEL_4,101406,25751,75655,25.39396090961087
080408,95,Perú,Cusco,Calca,Yanatile,"LEVEL_4,LEVEL_3,LEVEL_2,LEVEL_1",INEI,2023,436,[Yanatile][Calca][Cusco][Perú],POLITICAL_LEVEL_4,1663094,419849,1243245,25.24505530054224
220909,95,Perú,San Martin,San Martin,La Banda De Shilcayo,"LEVEL_4,LEVEL_3,LEVEL_2,LEVEL_1",INEI,2023,1653,[La Banda De Shilcayo][San Martin][San Martin][Perú],POLITICAL_LEVEL_4,302456,76210,226246,25.197053455709263
220103,95,Perú,San Martin,Moyobamba,Habana,"LEVEL_4,LEVEL_3,LEVEL_2,LEVEL_1",INEI,2023,1240,[Habana][Moyobamba][San Martin][Perú],POLITICAL_LEVEL_4,78377,19744,58633,25.19106370491343
211201,95,Perú,Puno,Sandia,Sandia,"LEVEL_4,LEVEL_3,LEVEL_2,LEVEL_1",INEI,2023,203,[Sandia][Sandia][Puno][Perú],POLITICAL_LEVEL_4,440479,108802,331677,24.70083704330967
100606,95,Perú,Huanuco,Leoncio Prado,Mariano Damaso Beraun,"LEVEL_4,LEVEL_3,LEVEL_2,LEVEL_1",INEI,2023,1534,[Mariano Damaso Beraun][Leoncio Prado][Huanuco][Perú],POLITICAL_LEVEL_4,847872,209397,638475,24.696770267210145
010508,95,Perú,Amazonas,Luya,Lonya Chico,"LEVEL_4,LEVEL_3,LEVEL_2,LEVEL_1",INEI,2023,1274,[Lonya Chico][Luya][Amazonas][Perú],POLITICAL_LEVEL_4,79425,19495,59930,24.545168397859616
170102,95,Perú,Madre De Dios,Tambopata,Inambari,"LEVEL_4,LEVEL_3,LEVEL_2,LEVEL_1",INEI,2023,633,[Inambari][Tambopata][Madre De Dios][Perú],POLITICAL_LEVEL_4,5571038,1349244,4221794,24.218897806835997
050507,95,Perú,Ayacucho,La Mar,Santa Rosa,"LEVEL_4,LEVEL_3,LEVEL_2,LEVEL_1",INEI,2023,473,[Santa Rosa][La Mar][Ayacucho][Perú],POLITICAL_LEVEL_4,348139,84109,264030,24.15960291722559
010523,95,Perú,Amazonas,Luya,Trita,"LEVEL_4,LEVEL_3,LEVEL_2,LEVEL_1",INEI,2023,722,[Trita][Luya][Amazonas][Perú],POLITICAL_LEVEL_4,16266,3917,12349,24.08090495512111
120603,95,Perú,Junin,Satipo,Llaylla,"LEVEL_4,LEVEL_3,LEVEL_2,LEVEL_1",INEI,2023,628,[Llaylla][Satipo][Junin][Perú],POLITICAL_LEVEL_4,298325,71667,226658,24.02312913768541
010516,95,Perú,Amazonas,Luya,San Cristobal,"LEVEL_4,LEVEL_3,LEVEL_2,LEVEL_1",INEI,2023,1280,[San Cristobal][Luya][Amazonas][Perú],POLITICAL_LEVEL_4,40803,9795,31008,24.005587824424673
080918,95,Perú,Cusco,La Convencion,Union Ashaninka,"LEVEL_4,LEVEL_3,LEVEL_2,LEVEL_1",INEI,2023,791,[Union Ashaninka][La Convencion][Cusco][Perú],POLITICAL_LEVEL_4,353320,84768,268552,23.9918487490094
