GEOCODE,CATEG_ID,LEVEL_1,LEVEL_2,LEVEL_3,LEVEL_4,NAME_STD,SOURCE,VERSION,FEATURE_ID,NAME,CATEG_NAME,area_total,area_intersectada,porcentaje_amazonia
211209,95,Perú,Puno,Sandia,Alto Inambari,"LEVEL_4,LEVEL_3,LEVEL_2,LEVEL_1",INEI,2023,215,[Alto Inambari][Sandia][Puno][Perú],POLITICAL_LEVEL_4,1372072856.6538718,1369783463.755547,0.9983314348890278
080912,95,Perú,Cusco,La Convencion,Villa Virgen,"LEVEL_4,LEVEL_3,LEVEL_2,LEVEL_1",INEI,2023,393,[Villa Virgen][La Convencion][Cusco][Perú],POLITICAL_LEVEL_4,439021620.0193437,433306679.1495738,0.9869825525460043
080914,95,Perú,Cusco,La Convencion,Megantoni,"LEVEL_4,LEVEL_3,LEVEL_2,LEVEL_1",INEI,2023,430,[Megantoni][La Convencion][Cusco][Perú],POLITICAL_LEVEL_4,10713824737.32827,10713824737.328304,1.000000000000003
080904,95,Perú,Cusco,La Convencion,Maranura,"LEVEL_4,LEVEL_3,LEVEL_2,LEVEL_1",INEI,2023,433,[Maranura][La Convencion][Cusco][Perú],POLITICAL_LEVEL_4,164746848.4574647,164746848.45746455,0.9999999999999991
080906,95,Perú,Cusco,La Convencion,Quellouno,"LEVEL_4,LEVEL_3,LEVEL_2,LEVEL_1",INEI,2023,435,[Quellouno][La Convencion][Cusco][Perú],POLITICAL_LEVEL_4,1966819955.9098685,1924902216.460147,0.978687556365407
080907,95,Perú,Cusco,La Convencion,Kimbiri,"LEVEL_4,LEVEL_3,LEVEL_2,LEVEL_1",INEI,2023,437,[Kimbiri][La Convencion][Cusco][Perú],POLITICAL_LEVEL_4,541390405.8971099,541390405.8971103,1.0000000000000009
050409,95,Perú,Ayacucho,Huanta,Canayre,"LEVEL_4,LEVEL_3,LEVEL_2,LEVEL_1",INEI,2023,478,[Canayre][Huanta][Ayacucho][Perú],POLITICAL_LEVEL_4,269027344.67423767,269027344.67423743,0.9999999999999991
170102,95,Perú,Madre De Dios,Tambopata,Inambari,"LEVEL_4,LEVEL_3,LEVEL_2,LEVEL_1",INEI,2023,633,[Inambari][Tambopata][Madre De Dios][Perú],POLITICAL_LEVEL_4,4881604869.792276,4881604869.792273,0.9999999999999992
170204,95,Perú,Madre De Dios,Manu,Huepetuhe,"LEVEL_4,LEVEL_3,LEVEL_2,LEVEL_1",INEI,2023,634,[Huepetuhe][Manu][Madre De Dios][Perú],POLITICAL_LEVEL_4,1530434373.5300672,1530434373.5300612,0.9999999999999961
170201,95,Perú,Madre De Dios,Manu,Manu,"LEVEL_4,LEVEL_3,LEVEL_2,LEVEL_1",INEI,2023,635,[Manu][Manu][Madre De Dios][Perú],POLITICAL_LEVEL_4,8718108137.19352,8660764223.94612,0.9934224361128583
170104,95,Perú,Madre De Dios,Tambopata,Laberinto,"LEVEL_4,LEVEL_3,LEVEL_2,LEVEL_1",INEI,2023,636,[Laberinto][Tambopata][Madre De Dios][Perú],POLITICAL_LEVEL_4,2695749702.7661557,2695749702.766176,1.0000000000000075
170203,95,Perú,Madre De Dios,Manu,Madre De Dios,"LEVEL_4,LEVEL_3,LEVEL_2,LEVEL_1",INEI,2023,637,[Madre De Dios][Manu][Madre De Dios][Perú],POLITICAL_LEVEL_4,7882613907.518273,7882559683.768027,0.9999931210952506
170202,95,Perú,Madre De Dios,Manu,Fitzcarrald,"LEVEL_4,LEVEL_3,LEVEL_2,LEVEL_1",INEI,2023,638,[Fitzcarrald][Manu][Madre De Dios][Perú],POLITICAL_LEVEL_4,10684370669.795631,10684370669.795605,0.9999999999999974
170302,95,Perú,Madre De Dios,Tahuamanu,Iberia,"LEVEL_4,LEVEL_3,LEVEL_2,LEVEL_1",INEI,2023,639,[Iberia][Tahuamanu][Madre De Dios][Perú],POLITICAL_LEVEL_4,2603983673.5084133,2603983673.5084133,1.0
120602,95,Perú,Junin,Satipo,Coviriali,"LEVEL_4,LEVEL_3,LEVEL_2,LEVEL_1",INEI,2023,666,[Coviriali][Satipo][Junin][Perú],POLITICAL_LEVEL_4,97540630.3928961,97540630.39289616,1.0000000000000007
010611,95,Perú,Amazonas,Rodriguez De Mendoza,Totora,"LEVEL_4,LEVEL_3,LEVEL_2,LEVEL_1",INEI,2023,690,[Totora][Rodriguez De Mendoza][Amazonas][Perú],POLITICAL_LEVEL_4,19466099.79546298,19466099.795462985,1.0000000000000002
010523,95,Perú,Amazonas,Luya,Trita,"LEVEL_4,LEVEL_3,LEVEL_2,LEVEL_1",INEI,2023,722,[Trita][Luya][Amazonas][Perú],POLITICAL_LEVEL_4,14010772.161219476,14010772.16121948,1.0000000000000002
010512,95,Perú,Amazonas,Luya,Ocalli,"LEVEL_4,LEVEL_3,LEVEL_2,LEVEL_1",INEI,2023,723,[Ocalli][Luya][Amazonas][Perú],POLITICAL_LEVEL_4,172277723.49343395,165345039.67707267,0.9597586752611953
010114,95,Perú,Amazonas,Chachapoyas,Molinopampa,"LEVEL_4,LEVEL_3,LEVEL_2,LEVEL_1",INEI,2023,726,[Molinopampa][Chachapoyas][Amazonas][Perú],POLITICAL_LEVEL_4,340620093.61502165,340620093.61502033,0.9999999999999961
010121,95,Perú,Amazonas,Chachapoyas,Sonche,"LEVEL_4,LEVEL_3,LEVEL_2,LEVEL_1",INEI,2023,727,[Sonche][Chachapoyas][Amazonas][Perú],POLITICAL_LEVEL_4,120302285.48999195,120302285.48999166,0.9999999999999977
010612,95,Perú,Amazonas,Rodriguez De Mendoza,Vista Alegre,"LEVEL_4,LEVEL_3,LEVEL_2,LEVEL_1",INEI,2023,731,[Vista Alegre][Rodriguez De Mendoza][Amazonas][Perú],POLITICAL_LEVEL_4,862001561.7495693,862001561.7495704,1.0000000000000013
080902,95,Perú,Cusco,La Convencion,Echarate,"LEVEL_4,LEVEL_3,LEVEL_2,LEVEL_1",INEI,2023,768,[Echarate][La Convencion][Cusco][Perú],POLITICAL_LEVEL_4,7603557830.337305,7440764205.265009,0.9785898090466586
080913,95,Perú,Cusco,La Convencion,Villa Kintiarina,"LEVEL_4,LEVEL_3,LEVEL_2,LEVEL_1",INEI,2023,772,[Villa Kintiarina][La Convencion][Cusco][Perú],POLITICAL_LEVEL_4,198783271.73775542,198783271.73775578,1.0000000000000018
120609,95,Perú,Junin,Satipo,Vizcatán Del Ene,"LEVEL_4,LEVEL_3,LEVEL_2,LEVEL_1",INEI,2023,775,[Vizcatán Del Ene][Satipo][Junin][Perú],POLITICAL_LEVEL_4,607247698.8730624,607247698.873063,1.0000000000000009
090707,95,Perú,Huancavelica,Tayacaja,Huachocolpa,"LEVEL_4,LEVEL_3,LEVEL_2,LEVEL_1",INEI,2023,778,[Huachocolpa][Tayacaja][Huancavelica][Perú],POLITICAL_LEVEL_4,217635470.04757324,217635470.0475735,1.0000000000000013
050512,95,Perú,Ayacucho,La Mar,Union Progreso,"LEVEL_4,LEVEL_3,LEVEL_2,LEVEL_1",INEI,2023,780,[Union Progreso][La Mar][Ayacucho][Perú],POLITICAL_LEVEL_4,39091650.26070523,39091650.26070525,1.0000000000000004
080915,95,Perú,Cusco,La Convencion,Kumpirushiato,"LEVEL_4,LEVEL_3,LEVEL_2,LEVEL_1",INEI,2023,785,[Kumpirushiato][La Convencion][Cusco][Perú],POLITICAL_LEVEL_4,2940430285.243077,2940430285.243074,0.999999999999999
080916,95,Perú,Cusco,La Convencion,Cielo Punco,"LEVEL_4,LEVEL_3,LEVEL_2,LEVEL_1",INEI,2023,786,[Cielo Punco][La Convencion][Cusco][Perú],POLITICAL_LEVEL_4,102230534.68651511,102230534.68651502,0.9999999999999991
080917,95,Perú,Cusco,La Convencion,Manitea,"LEVEL_4,LEVEL_3,LEVEL_2,LEVEL_1",INEI,2023,787,[Manitea][La Convencion][Cusco][Perú],POLITICAL_LEVEL_4,142642207.6724367,142642207.67243674,1.0000000000000002
080918,95,Perú,Cusco,La Convencion,Union Ashaninka,"LEVEL_4,LEVEL_3,LEVEL_2,LEVEL_1",INEI,2023,791,[Union Ashaninka][La Convencion][Cusco][Perú],POLITICAL_LEVEL_4,307048345.84105295,307048345.84105295,1.0
100901,95,Perú,Huanuco,Puerto Inca,Puerto Inca,"LEVEL_4,LEVEL_3,LEVEL_2,LEVEL_1",INEI,2023,812,[Puerto Inca][Puerto Inca][Huanuco][Perú],POLITICAL_LEVEL_4,2389430614.447738,2389430614.447742,1.0000000000000016
100902,95,Perú,Huanuco,Puerto Inca,Codo Del Pozuzo,"LEVEL_4,LEVEL_3,LEVEL_2,LEVEL_1",INEI,2023,813,[Codo Del Pozuzo][Puerto Inca][Huanuco][Perú],POLITICAL_LEVEL_4,3221259969.0701475,3221259969.070142,0.9999999999999982
220703,95,Perú,San Martin,Picota,Caspisapa,"LEVEL_4,LEVEL_3,LEVEL_2,LEVEL_1",INEI,2023,829,[Caspisapa][Picota][San Martin][Perú],POLITICAL_LEVEL_4,76012179.64167611,76012179.64167607,0.9999999999999994
220202,95,Perú,San Martin,Bellavista,Alto Biavo,"LEVEL_4,LEVEL_3,LEVEL_2,LEVEL_1",INEI,2023,830,[Alto Biavo][Bellavista][San Martin][Perú],POLITICAL_LEVEL_4,5956587471.198889,5956587471.198892,1.0000000000000004
220913,95,Perú,San Martin,San Martin,Sauce,"LEVEL_4,LEVEL_3,LEVEL_2,LEVEL_1",INEI,2023,837,[Sauce][San Martin][San Martin][Perú],POLITICAL_LEVEL_4,100795806.58189286,100795806.58189294,1.0000000000000007
100802,95,Perú,Huanuco,Pachitea,Chaglla,"LEVEL_4,LEVEL_3,LEVEL_2,LEVEL_1",INEI,2023,845,[Chaglla][Pachitea][Huanuco][Perú],POLITICAL_LEVEL_4,1077987001.0626602,1060060188.88864,0.9833701035760651
100602,95,Perú,Huanuco,Leoncio Prado,Daniel Alomia Robles,"LEVEL_4,LEVEL_3,LEVEL_2,LEVEL_1",INEI,2023,853,[Daniel Alomia Robles][Leoncio Prado][Huanuco][Perú],POLITICAL_LEVEL_4,539827954.644965,539827954.6449641,0.9999999999999982
100605,95,Perú,Huanuco,Leoncio Prado,Luyando,"LEVEL_4,LEVEL_3,LEVEL_2,LEVEL_1",INEI,2023,855,[Luyando][Leoncio Prado][Huanuco][Perú],POLITICAL_LEVEL_4,111370964.05642499,111370964.0564248,0.9999999999999982
100903,95,Perú,Huanuco,Puerto Inca,Honoria,"LEVEL_4,LEVEL_3,LEVEL_2,LEVEL_1",INEI,2023,867,[Honoria][Puerto Inca][Huanuco][Perú],POLITICAL_LEVEL_4,948542425.8598349,948542425.8598348,0.9999999999999999
100904,95,Perú,Huanuco,Puerto Inca,Tournavista,"LEVEL_4,LEVEL_3,LEVEL_2,LEVEL_1",INEI,2023,868,[Tournavista][Puerto Inca][Huanuco][Perú],POLITICAL_LEVEL_4,1739561077.7174184,1739561077.7174184,1.0
120304,95,Perú,Junin,Chanchamayo,San Luis De Shuaro,"LEVEL_4,LEVEL_3,LEVEL_2,LEVEL_1",INEI,2023,869,[San Luis De Shuaro][Chanchamayo][Junin][Perú],POLITICAL_LEVEL_4,192351189.46764255,192351189.46764275,1.000000000000001
100905,95,Perú,Huanuco,Puerto Inca,Yuyapichis,"LEVEL_4,LEVEL_3,LEVEL_2,LEVEL_1",INEI,2023,872,[Yuyapichis][Puerto Inca][Huanuco][Perú],POLITICAL_LEVEL_4,2065080020.7990987,2065080020.7991025,1.0000000000000018
160602,95,Perú,Loreto,Ucayali,Inahuaya,"LEVEL_4,LEVEL_3,LEVEL_2,LEVEL_1",INEI,2023,873,[Inahuaya][Ucayali][Loreto][Perú],POLITICAL_LEVEL_4,629696111.0584793,629696111.0584798,1.0000000000000007
160603,95,Perú,Loreto,Ucayali,Padre Marquez,"LEVEL_4,LEVEL_3,LEVEL_2,LEVEL_1",INEI,2023,874,[Padre Marquez][Ucayali][Loreto][Perú],POLITICAL_LEVEL_4,2434919583.357678,2434919583.3576756,0.999999999999999
221005,95,Perú,San Martin,Tocache,Uchiza,"LEVEL_4,LEVEL_3,LEVEL_2,LEVEL_1",INEI,2023,886,[Uchiza][Tocache][San Martin][Perú],POLITICAL_LEVEL_4,603456960.1830437,598948905.2683191,0.9925296165059441
221006,95,Perú,San Martin,Tocache,Santa Lucia,"LEVEL_4,LEVEL_3,LEVEL_2,LEVEL_1",INEI,2023,887,[Santa Lucia][Tocache][San Martin][Perú],POLITICAL_LEVEL_4,268278741.0843956,268278741.08439535,0.9999999999999991
221002,95,Perú,San Martin,Tocache,Nuevo Progreso,"LEVEL_4,LEVEL_3,LEVEL_2,LEVEL_1",INEI,2023,888,[Nuevo Progreso][Tocache][San Martin][Perú],POLITICAL_LEVEL_4,824643371.0375614,824643371.0375612,0.9999999999999997
221003,95,Perú,San Martin,Tocache,Polvora,"LEVEL_4,LEVEL_3,LEVEL_2,LEVEL_1",INEI,2023,890,[Polvora][Tocache][San Martin][Perú],POLITICAL_LEVEL_4,2263468988.2299433,2233119075.6929593,0.9865914166729017
220602,95,Perú,San Martin,Mariscal Caceres,Campanilla,"LEVEL_4,LEVEL_3,LEVEL_2,LEVEL_1",INEI,2023,891,[Campanilla][Mariscal Caceres][San Martin][Perú],POLITICAL_LEVEL_4,1810074336.780679,1810074336.780683,1.0000000000000022
220605,95,Perú,San Martin,Mariscal Caceres,Pajarillo,"LEVEL_4,LEVEL_3,LEVEL_2,LEVEL_1",INEI,2023,892,[Pajarillo][Mariscal Caceres][San Martin][Perú],POLITICAL_LEVEL_4,454315143.48834294,454315143.48834234,0.9999999999999987
220204,95,Perú,San Martin,Bellavista,Huallaga,"LEVEL_4,LEVEL_3,LEVEL_2,LEVEL_1",INEI,2023,894,[Huallaga][Bellavista][San Martin][Perú],POLITICAL_LEVEL_4,256294890.4614644,256294890.4614645,1.0000000000000004
220203,95,Perú,San Martin,Bellavista,Bajo Biavo,"LEVEL_4,LEVEL_3,LEVEL_2,LEVEL_1",INEI,2023,895,[Bajo Biavo][Bellavista][San Martin][Perú],POLITICAL_LEVEL_4,1122106368.4966567,1122106368.4966564,0.9999999999999998
220405,95,Perú,San Martin,Huallaga,Sacanche,"LEVEL_4,LEVEL_3,LEVEL_2,LEVEL_1",INEI,2023,897,[Sacanche][Huallaga][San Martin][Perú],POLITICAL_LEVEL_4,161729743.26145104,161729743.2614511,1.0000000000000004
220406,95,Perú,San Martin,Huallaga,Tingo De Saposoa,"LEVEL_4,LEVEL_3,LEVEL_2,LEVEL_1",INEI,2023,898,[Tingo De Saposoa][Huallaga][San Martin][Perú],POLITICAL_LEVEL_4,46940019.34514882,46940019.34514884,1.0000000000000004
220206,95,Perú,San Martin,Bellavista,San Rafael,"LEVEL_4,LEVEL_3,LEVEL_2,LEVEL_1",INEI,2023,899,[San Rafael][Bellavista][San Martin][Perú],POLITICAL_LEVEL_4,107154542.35997741,107154542.35997738,0.9999999999999997
220706,95,Perú,San Martin,Picota,San Cristobal,"LEVEL_4,LEVEL_3,LEVEL_2,LEVEL_1",INEI,2023,900,[San Cristobal][Picota][San Martin][Perú],POLITICAL_LEVEL_4,30078780.16496641,30078780.164966386,0.9999999999999992
220403,95,Perú,San Martin,Huallaga,El Eslabon,"LEVEL_4,LEVEL_3,LEVEL_2,LEVEL_1",INEI,2023,901,[El Eslabon][Huallaga][San Martin][Perú],POLITICAL_LEVEL_4,124656136.55236387,124656136.5523639,1.0000000000000002
220404,95,Perú,San Martin,Huallaga,Piscoyacu,"LEVEL_4,LEVEL_3,LEVEL_2,LEVEL_1",INEI,2023,903,[Piscoyacu][Huallaga][San Martin][Perú],POLITICAL_LEVEL_4,179751458.90612787,179751458.90612793,1.0000000000000002
220707,95,Perú,San Martin,Picota,San Hilarion,"LEVEL_4,LEVEL_3,LEVEL_2,LEVEL_1",INEI,2023,904,[San Hilarion][Picota][San Martin][Perú],POLITICAL_LEVEL_4,103963790.71012494,103963790.71012494,1.0
220201,95,Perú,San Martin,Bellavista,Bellavista,"LEVEL_4,LEVEL_3,LEVEL_2,LEVEL_1",INEI,2023,905,[Bellavista][Bellavista][San Martin][Perú],POLITICAL_LEVEL_4,259386757.1657701,259386757.16577026,1.0000000000000007
220708,95,Perú,San Martin,Picota,Shamboyacu,"LEVEL_4,LEVEL_3,LEVEL_2,LEVEL_1",INEI,2023,906,[Shamboyacu][Picota][San Martin][Perú],POLITICAL_LEVEL_4,392298872.48932654,392298872.4893264,0.9999999999999997
220709,95,Perú,San Martin,Picota,Tingo De Ponasa,"LEVEL_4,LEVEL_3,LEVEL_2,LEVEL_1",INEI,2023,907,[Tingo De Ponasa][Picota][San Martin][Perú],POLITICAL_LEVEL_4,335197746.6456932,335197746.6456929,0.9999999999999991
220701,95,Perú,San Martin,Picota,Picota,"LEVEL_4,LEVEL_3,LEVEL_2,LEVEL_1",INEI,2023,908,[Picota][Picota][San Martin][Perú],POLITICAL_LEVEL_4,217240958.738896,217240958.73889625,1.000000000000001
190301,95,Perú,Pasco,Oxapampa,Oxapampa,"LEVEL_4,LEVEL_3,LEVEL_2,LEVEL_1",INEI,2023,909,[Oxapampa][Oxapampa][Pasco][Perú],POLITICAL_LEVEL_4,401887863.01468897,401887863.01468945,1.000000000000001
190307,95,Perú,Pasco,Oxapampa,Villa Rica,"LEVEL_4,LEVEL_3,LEVEL_2,LEVEL_1",INEI,2023,910,[Villa Rica][Oxapampa][Pasco][Perú],POLITICAL_LEVEL_4,822566711.6719195,822566711.671919,0.9999999999999994
190305,95,Perú,Pasco,Oxapampa,Pozuzo,"LEVEL_4,LEVEL_3,LEVEL_2,LEVEL_1",INEI,2023,913,[Pozuzo][Oxapampa][Pasco][Perú],POLITICAL_LEVEL_4,716079074.8858547,716079074.8858552,1.0000000000000007
190308,95,Perú,Pasco,Oxapampa,Constitucion,"LEVEL_4,LEVEL_3,LEVEL_2,LEVEL_1",INEI,2023,914,[Constitucion][Oxapampa][Pasco][Perú],POLITICAL_LEVEL_4,3050810388.585989,3050810388.585985,0.9999999999999988
190304,95,Perú,Pasco,Oxapampa,Palcazu,"LEVEL_4,LEVEL_3,LEVEL_2,LEVEL_1",INEI,2023,915,[Palcazu][Oxapampa][Pasco][Perú],POLITICAL_LEVEL_4,2787574232.1471395,2787574232.1471424,1.000000000000001
220902,95,Perú,San Martin,San Martin,Alberto Leveau,"LEVEL_4,LEVEL_3,LEVEL_2,LEVEL_1",INEI,2023,956,[Alberto Leveau][San Martin][San Martin][Perú],POLITICAL_LEVEL_4,51772472.53795619,51772472.53795622,1.0000000000000007
250203,95,Perú,Ucayali,Atalaya,Tahuania,"LEVEL_4,LEVEL_3,LEVEL_2,LEVEL_1",INEI,2023,958,[Tahuania][Atalaya][Ucayali][Perú],POLITICAL_LEVEL_4,7672003938.416737,7672003938.416777,1.0000000000000053
250103,95,Perú,Ucayali,Coronel Portillo,Iparia,"LEVEL_4,LEVEL_3,LEVEL_2,LEVEL_1",INEI,2023,959,[Iparia][Coronel Portillo][Ucayali][Perú],POLITICAL_LEVEL_4,7368483783.638119,7368483783.638136,1.0000000000000022
250305,95,Perú,Ucayali,Padre Abad,Alexander Von Humboldt,"LEVEL_4,LEVEL_3,LEVEL_2,LEVEL_1",INEI,2023,960,[Alexander Von Humboldt][Padre Abad][Ucayali][Perú],POLITICAL_LEVEL_4,205125939.99026644,205125939.99026653,1.0000000000000004
250302,95,Perú,Ucayali,Padre Abad,Irazola,"LEVEL_4,LEVEL_3,LEVEL_2,LEVEL_1",INEI,2023,961,[Irazola][Padre Abad][Ucayali][Perú],POLITICAL_LEVEL_4,1876850949.6375284,1876850949.6375291,1.0000000000000004
250304,95,Perú,Ucayali,Padre Abad,Neshuya,"LEVEL_4,LEVEL_3,LEVEL_2,LEVEL_1",INEI,2023,962,[Neshuya][Padre Abad][Ucayali][Perú],POLITICAL_LEVEL_4,623370244.1602973,623370244.1602986,1.000000000000002
250303,95,Perú,Ucayali,Padre Abad,Curimana,"LEVEL_4,LEVEL_3,LEVEL_2,LEVEL_1",INEI,2023,963,[Curimana][Padre Abad][Ucayali][Perú],POLITICAL_LEVEL_4,1877650983.769894,1877650983.769891,0.9999999999999984
250106,95,Perú,Ucayali,Coronel Portillo,Nueva Requena,"LEVEL_4,LEVEL_3,LEVEL_2,LEVEL_1",INEI,2023,969,[Nueva Requena][Coronel Portillo][Ucayali][Perú],POLITICAL_LEVEL_4,2059982910.9367137,2059982910.9367082,0.9999999999999973
220301,95,Perú,San Martin,El Dorado,San Jose De Sisa,"LEVEL_4,LEVEL_3,LEVEL_2,LEVEL_1",INEI,2023,970,[San Jose De Sisa][El Dorado][San Martin][Perú],POLITICAL_LEVEL_4,308508798.35909647,308508798.35909593,0.9999999999999982
220903,95,Perú,San Martin,San Martin,Cacatachi,"LEVEL_4,LEVEL_3,LEVEL_2,LEVEL_1",INEI,2023,977,[Cacatachi][San Martin][San Martin][Perú],POLITICAL_LEVEL_4,52439906.310605526,52439906.31060558,1.0000000000000009
220507,95,Perú,San Martin,Lamas,Rumisapa,"LEVEL_4,LEVEL_3,LEVEL_2,LEVEL_1",INEI,2023,985,[Rumisapa][Lamas][San Martin][Perú],POLITICAL_LEVEL_4,33244324.865981184,33244324.865981176,0.9999999999999998
220102,95,Perú,San Martin,Moyobamba,Calzada,"LEVEL_4,LEVEL_3,LEVEL_2,LEVEL_1",INEI,2023,990,[Calzada][Moyobamba][San Martin][Perú],POLITICAL_LEVEL_4,115935331.60572651,115935331.60572661,1.0000000000000009
220806,95,Perú,San Martin,Rioja,Posic,"LEVEL_4,LEVEL_3,LEVEL_2,LEVEL_1",INEI,2023,1001,[Posic][Rioja][San Martin][Perú],POLITICAL_LEVEL_4,52594758.02881062,52594758.02881062,1.0
220106,95,Perú,San Martin,Moyobamba,Yantalo,"LEVEL_4,LEVEL_3,LEVEL_2,LEVEL_1",INEI,2023,1002,[Yantalo][Moyobamba][San Martin][Perú],POLITICAL_LEVEL_4,69651097.9868581,69651097.98685807,0.9999999999999996
220809,95,Perú,San Martin,Rioja,Yuracyacu,"LEVEL_4,LEVEL_3,LEVEL_2,LEVEL_1",INEI,2023,1003,[Yuracyacu][Rioja][San Martin][Perú],POLITICAL_LEVEL_4,62101824.368940495,62101824.368940435,0.999999999999999
220807,95,Perú,San Martin,Rioja,San Fernando,"LEVEL_4,LEVEL_3,LEVEL_2,LEVEL_1",INEI,2023,1004,[San Fernando][Rioja][San Martin][Perú],POLITICAL_LEVEL_4,69171080.92018032,69171080.9201803,0.9999999999999998
220802,95,Perú,San Martin,Rioja,Awajun,"LEVEL_4,LEVEL_3,LEVEL_2,LEVEL_1",INEI,2023,1005,[Awajun][Rioja][San Martin][Perú],POLITICAL_LEVEL_4,506890027.9879185,506890027.9879191,1.000000000000001
220805,95,Perú,San Martin,Rioja,Pardo Miguel,"LEVEL_4,LEVEL_3,LEVEL_2,LEVEL_1",INEI,2023,1006,[Pardo Miguel][Rioja][San Martin][Perú],POLITICAL_LEVEL_4,1167024024.9753735,1167024024.975375,1.0000000000000013
060811,95,Perú,Cajamarca,Jaen,San Jose Del Alto,"LEVEL_4,LEVEL_3,LEVEL_2,LEVEL_1",INEI,2023,1021,[San Jose Del Alto][Jaen][Cajamarca][Perú],POLITICAL_LEVEL_4,506202260.8744123,506202260.87441325,1.0000000000000018
060803,95,Perú,Cajamarca,Jaen,Chontali,"LEVEL_4,LEVEL_3,LEVEL_2,LEVEL_1",INEI,2023,1022,[Chontali][Jaen][Cajamarca][Perú],POLITICAL_LEVEL_4,464289212.7456984,464289212.74569774,0.9999999999999986
010303,95,Perú,Amazonas,Bongara,Churuja,"LEVEL_4,LEVEL_3,LEVEL_2,LEVEL_1",INEI,2023,1052,[Churuja][Bongara][Amazonas][Perú],POLITICAL_LEVEL_4,31861020.728250355,31861020.728250388,1.000000000000001
010518,95,Perú,Amazonas,Luya,San Jeronimo,"LEVEL_4,LEVEL_3,LEVEL_2,LEVEL_1",INEI,2023,1054,[San Jeronimo][Luya][Amazonas][Perú],POLITICAL_LEVEL_4,208207220.25177407,208207220.25177416,1.0000000000000004
010116,95,Perú,Amazonas,Chachapoyas,Olleros,"LEVEL_4,LEVEL_3,LEVEL_2,LEVEL_1",INEI,2023,1056,[Olleros][Chachapoyas][Amazonas][Perú],POLITICAL_LEVEL_4,106893082.7463009,106893082.74630055,0.9999999999999967
010202,95,Perú,Amazonas,Bagua,Aramango,"LEVEL_4,LEVEL_3,LEVEL_2,LEVEL_1",INEI,2023,1061,[Aramango][Bagua][Amazonas][Perú],POLITICAL_LEVEL_4,773814072.3197027,771077029.1190666,0.9964629188088668
160605,95,Perú,Loreto,Ucayali,Sarayacu,"LEVEL_4,LEVEL_3,LEVEL_2,LEVEL_1",INEI,2023,1065,[Sarayacu][Ucayali][Loreto][Perú],POLITICAL_LEVEL_4,6244458373.525999,6244458373.525995,0.9999999999999993
160606,95,Perú,Loreto,Ucayali,Vargas Guerra,"LEVEL_4,LEVEL_3,LEVEL_2,LEVEL_1",INEI,2023,1066,[Vargas Guerra][Ucayali][Loreto][Perú],POLITICAL_LEVEL_4,1896753597.438103,1896753597.4381082,1.0000000000000027
160701,95,Perú,Loreto,Datem Del Marañon,Barranca,"LEVEL_4,LEVEL_3,LEVEL_2,LEVEL_1",INEI,2023,1067,[Barranca][Datem Del Marañon][Loreto][Perú],POLITICAL_LEVEL_4,7390874928.637886,7390874928.637876,0.9999999999999986
160702,95,Perú,Loreto,Datem Del Marañon,Cahuapanas,"LEVEL_4,LEVEL_3,LEVEL_2,LEVEL_1",INEI,2023,1068,[Cahuapanas][Datem Del Marañon][Loreto][Perú],POLITICAL_LEVEL_4,4785702362.475399,4785702362.475402,1.0000000000000007
160703,95,Perú,Loreto,Datem Del Marañon,Manseriche,"LEVEL_4,LEVEL_3,LEVEL_2,LEVEL_1",INEI,2023,1069,[Manseriche][Datem Del Marañon][Loreto][Perú],POLITICAL_LEVEL_4,3570043777.994548,3570043777.994547,0.9999999999999998
160705,95,Perú,Loreto,Datem Del Marañon,Pastaza,"LEVEL_4,LEVEL_3,LEVEL_2,LEVEL_1",INEI,2023,1071,[Pastaza][Datem Del Marañon][Loreto][Perú],POLITICAL_LEVEL_4,9100182512.461355,9100182512.461338,0.9999999999999981
220604,95,Perú,San Martin,Mariscal Caceres,Pachiza,"LEVEL_4,LEVEL_3,LEVEL_2,LEVEL_1",INEI,2023,1073,[Pachiza][Mariscal Caceres][San Martin][Perú],POLITICAL_LEVEL_4,1801319983.5283499,1801319983.5283582,1.0000000000000047
220401,95,Perú,San Martin,Huallaga,Saposoa,"LEVEL_4,LEVEL_3,LEVEL_2,LEVEL_1",INEI,2023,1074,[Saposoa][Huallaga][San Martin][Perú],POLITICAL_LEVEL_4,525545539.4530059,525545539.4530072,1.0000000000000024
100113,95,Perú,Huanuco,Huanuco,San Pablo De Pillao,"LEVEL_4,LEVEL_3,LEVEL_2,LEVEL_1",INEI,2023,1220,[San Pablo De Pillao][Huanuco][Huanuco][Perú],POLITICAL_LEVEL_4,592711987.6324431,592711987.6324426,0.9999999999999992
100607,95,Perú,Huanuco,Leoncio Prado,Pucayacu,"LEVEL_4,LEVEL_3,LEVEL_2,LEVEL_1",INEI,2023,1221,[Pucayacu][Leoncio Prado][Huanuco][Perú],POLITICAL_LEVEL_4,761757817.6392325,761757817.6392305,0.9999999999999973
100704,95,Perú,Huanuco,Marañon,La Morada,"LEVEL_4,LEVEL_3,LEVEL_2,LEVEL_1",INEI,2023,1222,[La Morada][Marañon][Huanuco][Perú],POLITICAL_LEVEL_4,906232832.9848464,906232832.9848455,0.9999999999999991
250202,95,Perú,Ucayali,Atalaya,Sepahua,"LEVEL_4,LEVEL_3,LEVEL_2,LEVEL_1",INEI,2023,1224,[Sepahua][Atalaya][Ucayali][Perú],POLITICAL_LEVEL_4,7737011857.838999,7737011857.838973,0.9999999999999967
100609,95,Perú,Huanuco,Leoncio Prado,Pueblo Nuevo,"LEVEL_4,LEVEL_3,LEVEL_2,LEVEL_1",INEI,2023,1225,[Pueblo Nuevo][Leoncio Prado][Huanuco][Perú],POLITICAL_LEVEL_4,320125917.48681706,320125917.4868166,0.9999999999999986
100610,95,Perú,Huanuco,Leoncio Prado,Santo Domingo De Anda,"LEVEL_4,LEVEL_3,LEVEL_2,LEVEL_1",INEI,2023,1226,[Santo Domingo De Anda][Leoncio Prado][Huanuco][Perú],POLITICAL_LEVEL_4,280612186.9749249,280612186.9749243,0.9999999999999979
100603,95,Perú,Huanuco,Leoncio Prado,Hermilio Valdizan,"LEVEL_4,LEVEL_3,LEVEL_2,LEVEL_1",INEI,2023,1227,[Hermilio Valdizan][Leoncio Prado][Huanuco][Perú],POLITICAL_LEVEL_4,285553928.8342104,285553928.83421046,1.0000000000000002
250306,95,Perú,Ucayali,Padre Abad,Huipoca,"LEVEL_4,LEVEL_3,LEVEL_2,LEVEL_1",INEI,2023,1228,[Huipoca][Padre Abad][Ucayali][Perú],POLITICAL_LEVEL_4,589717283.734072,589717283.7340732,1.000000000000002
250307,95,Perú,Ucayali,Padre Abad,Boqueron,"LEVEL_4,LEVEL_3,LEVEL_2,LEVEL_1",INEI,2023,1229,[Boqueron][Padre Abad][Ucayali][Perú],POLITICAL_LEVEL_4,548764923.7701968,548764923.7701966,0.9999999999999996
160604,95,Perú,Loreto,Ucayali,Pampa Hermosa,"LEVEL_4,LEVEL_3,LEVEL_2,LEVEL_1",INEI,2023,1230,[Pampa Hermosa][Ucayali][Loreto][Perú],POLITICAL_LEVEL_4,7471991314.098034,7471991314.098022,0.9999999999999984
010113,95,Perú,Amazonas,Chachapoyas,Mariscal Castilla,"LEVEL_4,LEVEL_3,LEVEL_2,LEVEL_1",INEI,2023,1236,[Mariscal Castilla][Chachapoyas][Amazonas][Perú],POLITICAL_LEVEL_4,78945811.05193385,78945811.0519338,0.9999999999999992
220912,95,Perú,San Martin,San Martin,San Antonio,"LEVEL_4,LEVEL_3,LEVEL_2,LEVEL_1",INEI,2023,1237,[San Antonio][San Martin][San Martin][Perú],POLITICAL_LEVEL_4,78287013.00237256,78287013.00237252,0.9999999999999994
010115,95,Perú,Amazonas,Chachapoyas,Montevideo,"LEVEL_4,LEVEL_3,LEVEL_2,LEVEL_1",INEI,2023,1238,[Montevideo][Chachapoyas][Amazonas][Perú],POLITICAL_LEVEL_4,123139682.35904932,123139682.35904932,1.0
220103,95,Perú,San Martin,Moyobamba,Habana,"LEVEL_4,LEVEL_3,LEVEL_2,LEVEL_1",INEI,2023,1240,[Habana][Moyobamba][San Martin][Perú],POLITICAL_LEVEL_4,68828026.83644378,68828026.83644374,0.9999999999999993
010602,95,Perú,Amazonas,Rodriguez De Mendoza,Chirimoto,"LEVEL_4,LEVEL_3,LEVEL_2,LEVEL_1",INEI,2023,1243,[Chirimoto][Rodriguez De Mendoza][Amazonas][Perú],POLITICAL_LEVEL_4,153892456.70525,153892456.70524982,0.9999999999999989
010109,95,Perú,Amazonas,Chachapoyas,La Jalca,"LEVEL_4,LEVEL_3,LEVEL_2,LEVEL_1",INEI,2023,1246,[La Jalca][Chachapoyas][Amazonas][Perú],POLITICAL_LEVEL_4,124196657.56240416,124196657.56240416,1.0
010608,95,Perú,Amazonas,Rodriguez De Mendoza,Milpuc,"LEVEL_4,LEVEL_3,LEVEL_2,LEVEL_1",INEI,2023,1248,[Milpuc][Rodriguez De Mendoza][Amazonas][Perú],POLITICAL_LEVEL_4,42983115.80728012,42983115.80728011,0.9999999999999997
010519,95,Perú,Amazonas,Luya,San Juan De Lopecancha,"LEVEL_4,LEVEL_3,LEVEL_2,LEVEL_1",INEI,2023,1250,[San Juan De Lopecancha][Luya][Amazonas][Perú],POLITICAL_LEVEL_4,86441389.97486153,85460479.86847761,0.9886523098868588
010605,95,Perú,Amazonas,Rodriguez De Mendoza,Limabamba,"LEVEL_4,LEVEL_3,LEVEL_2,LEVEL_1",INEI,2023,1251,[Limabamba][Rodriguez De Mendoza][Amazonas][Perú],POLITICAL_LEVEL_4,615241090.1472087,615241090.1472095,1.0000000000000013
220704,95,Perú,San Martin,Picota,Pilluana,"LEVEL_4,LEVEL_3,LEVEL_2,LEVEL_1",INEI,2023,1253,[Pilluana][Picota][San Martin][Perú],POLITICAL_LEVEL_4,68348126.52807753,68348126.52807765,1.0000000000000018
010604,95,Perú,Amazonas,Rodriguez De Mendoza,Huambo,"LEVEL_4,LEVEL_3,LEVEL_2,LEVEL_1",INEI,2023,1254,[Huambo][Rodriguez De Mendoza][Amazonas][Perú],POLITICAL_LEVEL_4,77702562.08695142,77702562.0869514,0.9999999999999998
010112,95,Perú,Amazonas,Chachapoyas,Magdalena,"LEVEL_4,LEVEL_3,LEVEL_2,LEVEL_1",INEI,2023,1255,[Magdalena][Chachapoyas][Amazonas][Perú],POLITICAL_LEVEL_4,135557832.03741276,135557832.03741306,1.0000000000000022
010601,95,Perú,Amazonas,Rodriguez De Mendoza,San Nicolas,"LEVEL_4,LEVEL_3,LEVEL_2,LEVEL_1",INEI,2023,1257,[San Nicolas][Rodriguez De Mendoza][Amazonas][Perú],POLITICAL_LEVEL_4,102246911.44118232,102246911.44118226,0.9999999999999994
010606,95,Perú,Amazonas,Rodriguez De Mendoza,Longar,"LEVEL_4,LEVEL_3,LEVEL_2,LEVEL_1",INEI,2023,1259,[Longar][Rodriguez De Mendoza][Amazonas][Perú],POLITICAL_LEVEL_4,82300739.25112578,82300739.25112587,1.000000000000001
010119,95,Perú,Amazonas,Chachapoyas,San Isidro De Maino,"LEVEL_4,LEVEL_3,LEVEL_2,LEVEL_1",INEI,2023,1260,[San Isidro De Maino][Chachapoyas][Amazonas][Perú],POLITICAL_LEVEL_4,108084187.2040027,108084187.20400277,1.0000000000000007
010609,95,Perú,Amazonas,Rodriguez De Mendoza,Omia,"LEVEL_4,LEVEL_3,LEVEL_2,LEVEL_1",INEI,2023,1261,[Omia][Rodriguez De Mendoza][Amazonas][Perú],POLITICAL_LEVEL_4,225282120.89515704,225282120.89515695,0.9999999999999996
010610,95,Perú,Amazonas,Rodriguez De Mendoza,Santa Rosa,"LEVEL_4,LEVEL_3,LEVEL_2,LEVEL_1",INEI,2023,1262,[Santa Rosa][Rodriguez De Mendoza][Amazonas][Perú],POLITICAL_LEVEL_4,20240172.689632177,20240172.68963219,1.0000000000000004
010111,95,Perú,Amazonas,Chachapoyas,Levanto,"LEVEL_4,LEVEL_3,LEVEL_2,LEVEL_1",INEI,2023,1263,[Levanto][Chachapoyas][Amazonas][Perú],POLITICAL_LEVEL_4,74921992.60810328,74921992.60810329,1.0000000000000002
010603,95,Perú,Amazonas,Rodriguez De Mendoza,Cochamal,"LEVEL_4,LEVEL_3,LEVEL_2,LEVEL_1",INEI,2023,1264,[Cochamal][Rodriguez De Mendoza][Amazonas][Perú],POLITICAL_LEVEL_4,180946313.23914933,180946313.23914933,1.0
010120,95,Perú,Amazonas,Chachapoyas,Soloco,"LEVEL_4,LEVEL_3,LEVEL_2,LEVEL_1",INEI,2023,1268,[Soloco][Chachapoyas][Amazonas][Perú],POLITICAL_LEVEL_4,74841394.75419594,74841394.75419596,1.0000000000000002
010104,95,Perú,Amazonas,Chachapoyas,Cheto,"LEVEL_4,LEVEL_3,LEVEL_2,LEVEL_1",INEI,2023,1269,[Cheto][Chachapoyas][Amazonas][Perú],POLITICAL_LEVEL_4,70388702.66956034,70388702.66956031,0.9999999999999996
010506,95,Perú,Amazonas,Luya,Inguilpata,"LEVEL_4,LEVEL_3,LEVEL_2,LEVEL_1",INEI,2023,1270,[Inguilpata][Luya][Amazonas][Perú],POLITICAL_LEVEL_4,118715199.55298157,116753279.6321714,0.9834737259576052
010118,95,Perú,Amazonas,Chachapoyas,San Francisco De Daguas,"LEVEL_4,LEVEL_3,LEVEL_2,LEVEL_1",INEI,2023,1271,[San Francisco De Daguas][Chachapoyas][Amazonas][Perú],POLITICAL_LEVEL_4,40441073.682947524,40441073.682947546,1.0000000000000004
010607,95,Perú,Amazonas,Rodriguez De Mendoza,Mariscal Benavides,"LEVEL_4,LEVEL_3,LEVEL_2,LEVEL_1",INEI,2023,1273,[Mariscal Benavides][Rodriguez De Mendoza][Amazonas][Perú],POLITICAL_LEVEL_4,202689783.70204198,202689783.70204195,0.9999999999999999
010508,95,Perú,Amazonas,Luya,Lonya Chico,"LEVEL_4,LEVEL_3,LEVEL_2,LEVEL_1",INEI,2023,1274,[Lonya Chico][Luya][Amazonas][Perú],POLITICAL_LEVEL_4,69627653.64064269,69627653.64064278,1.0000000000000013
010509,95,Perú,Amazonas,Luya,Luya,"LEVEL_4,LEVEL_3,LEVEL_2,LEVEL_1",INEI,2023,1275,[Luya][Luya][Amazonas][Perú],POLITICAL_LEVEL_4,83140552.20872186,83140552.20872165,0.9999999999999974
010108,95,Perú,Amazonas,Chachapoyas,Huancas,"LEVEL_4,LEVEL_3,LEVEL_2,LEVEL_1",INEI,2023,1276,[Huancas][Chachapoyas][Amazonas][Perú],POLITICAL_LEVEL_4,46285489.59722975,46285489.59722977,1.0000000000000004
010505,95,Perú,Amazonas,Luya,Conila,"LEVEL_4,LEVEL_3,LEVEL_2,LEVEL_1",INEI,2023,1277,[Conila][Luya][Amazonas][Perú],POLITICAL_LEVEL_4,249151951.68692428,249151951.68692407,0.9999999999999991
010501,95,Perú,Amazonas,Luya,Lamud,"LEVEL_4,LEVEL_3,LEVEL_2,LEVEL_1",INEI,2023,1278,[Lamud][Luya][Amazonas][Perú],POLITICAL_LEVEL_4,73226824.8998591,73226824.89985909,0.9999999999999998
010117,95,Perú,Amazonas,Chachapoyas,Quinjalca,"LEVEL_4,LEVEL_3,LEVEL_2,LEVEL_1",INEI,2023,1279,[Quinjalca][Chachapoyas][Amazonas][Perú],POLITICAL_LEVEL_4,82556262.92069678,82556262.92069675,0.9999999999999997
010516,95,Perú,Amazonas,Luya,San Cristobal,"LEVEL_4,LEVEL_3,LEVEL_2,LEVEL_1",INEI,2023,1280,[San Cristobal][Luya][Amazonas][Perú],POLITICAL_LEVEL_4,35597534.15572718,35597534.1557272,1.0000000000000007
010107,95,Perú,Amazonas,Chachapoyas,Granada,"LEVEL_4,LEVEL_3,LEVEL_2,LEVEL_1",INEI,2023,1281,[Granada][Chachapoyas][Amazonas][Perú],POLITICAL_LEVEL_4,171306482.3516011,171306482.35160184,1.0000000000000044
010311,95,Perú,Amazonas,Bongara,Valera,"LEVEL_4,LEVEL_3,LEVEL_2,LEVEL_1",INEI,2023,1282,[Valera][Bongara][Amazonas][Perú],POLITICAL_LEVEL_4,78135426.08981284,78135426.08981284,1.0
010105,95,Perú,Amazonas,Chachapoyas,Chiliquin,"LEVEL_4,LEVEL_3,LEVEL_2,LEVEL_1",INEI,2023,1283,[Chiliquin][Chachapoyas][Amazonas][Perú],POLITICAL_LEVEL_4,141793539.9268089,141793539.9268089,1.0
010520,95,Perú,Amazonas,Luya,Santa Catalina,"LEVEL_4,LEVEL_3,LEVEL_2,LEVEL_1",INEI,2023,1284,[Santa Catalina][Luya][Amazonas][Perú],POLITICAL_LEVEL_4,164999171.9613163,164999171.96131626,0.9999999999999998
010510,95,Perú,Amazonas,Luya,Luya Viejo,"LEVEL_4,LEVEL_3,LEVEL_2,LEVEL_1",INEI,2023,1286,[Luya Viejo][Luya][Amazonas][Perú],POLITICAL_LEVEL_4,67859938.00356331,67859938.00356328,0.9999999999999996
010309,95,Perú,Amazonas,Bongara,San Carlos,"LEVEL_4,LEVEL_3,LEVEL_2,LEVEL_1",INEI,2023,1287,[San Carlos][Bongara][Amazonas][Perú],POLITICAL_LEVEL_4,112607912.05027159,112607912.05027176,1.0000000000000016
010102,95,Perú,Amazonas,Chachapoyas,Asuncion,"LEVEL_4,LEVEL_3,LEVEL_2,LEVEL_1",INEI,2023,1288,[Asuncion][Chachapoyas][Amazonas][Perú],POLITICAL_LEVEL_4,34902942.473606504,34902942.4736065,0.9999999999999998
010307,95,Perú,Amazonas,Bongara,Jazan,"LEVEL_4,LEVEL_3,LEVEL_2,LEVEL_1",INEI,2023,1289,[Jazan][Bongara][Amazonas][Perú],POLITICAL_LEVEL_4,75885765.69976108,75885765.69976115,1.0000000000000009
010308,95,Perú,Amazonas,Bongara,Recta,"LEVEL_4,LEVEL_3,LEVEL_2,LEVEL_1",INEI,2023,1290,[Recta][Bongara][Amazonas][Perú],POLITICAL_LEVEL_4,28086186.1754372,28086186.17543719,0.9999999999999996
010301,95,Perú,Amazonas,Bongara,Jumbilla,"LEVEL_4,LEVEL_3,LEVEL_2,LEVEL_1",INEI,2023,1291,[Jumbilla][Bongara][Amazonas][Perú],POLITICAL_LEVEL_4,158865982.3618654,158865982.36186528,0.9999999999999992
010305,95,Perú,Amazonas,Bongara,Cuispes,"LEVEL_4,LEVEL_3,LEVEL_2,LEVEL_1",INEI,2023,1292,[Cuispes][Bongara][Amazonas][Perú],POLITICAL_LEVEL_4,96599036.100929,96599036.10092877,0.9999999999999976
010310,95,Perú,Amazonas,Bongara,Shipasbamba,"LEVEL_4,LEVEL_3,LEVEL_2,LEVEL_1",INEI,2023,1293,[Shipasbamba][Bongara][Amazonas][Perú],POLITICAL_LEVEL_4,125581936.80968654,125581936.80968629,0.999999999999998
010302,95,Perú,Amazonas,Bongara,Chisquilla,"LEVEL_4,LEVEL_3,LEVEL_2,LEVEL_1",INEI,2023,1294,[Chisquilla][Bongara][Amazonas][Perú],POLITICAL_LEVEL_4,162007086.91892803,162007086.91892818,1.0000000000000009
010306,95,Perú,Amazonas,Bongara,Florida,"LEVEL_4,LEVEL_3,LEVEL_2,LEVEL_1",INEI,2023,1295,[Florida][Bongara][Amazonas][Perú],POLITICAL_LEVEL_4,222405372.9396239,222405372.9396238,0.9999999999999996
010304,95,Perú,Amazonas,Bongara,Corosha,"LEVEL_4,LEVEL_3,LEVEL_2,LEVEL_1",INEI,2023,1296,[Corosha][Bongara][Amazonas][Perú],POLITICAL_LEVEL_4,64271944.996256165,64271944.99625621,1.0000000000000007
010312,95,Perú,Amazonas,Bongara,Yambrasbamba,"LEVEL_4,LEVEL_3,LEVEL_2,LEVEL_1",INEI,2023,1297,[Yambrasbamba][Bongara][Amazonas][Perú],POLITICAL_LEVEL_4,1682182322.1550922,1682182322.1550932,1.0000000000000007
160503,95,Perú,Loreto,Requena,Capelo,"LEVEL_4,LEVEL_3,LEVEL_2,LEVEL_1",INEI,2023,1302,[Capelo][Requena][Loreto][Perú],POLITICAL_LEVEL_4,800610878.8406448,800610878.8406439,0.9999999999999988
160504,95,Perú,Loreto,Requena,Emilio San Martin,"LEVEL_4,LEVEL_3,LEVEL_2,LEVEL_1",INEI,2023,1303,[Emilio San Martin][Requena][Loreto][Perú],POLITICAL_LEVEL_4,4637742896.905837,4637742896.905837,1.0
160505,95,Perú,Loreto,Requena,Maquia,"LEVEL_4,LEVEL_3,LEVEL_2,LEVEL_1",INEI,2023,1304,[Maquia][Requena][Loreto][Perú],POLITICAL_LEVEL_4,4891583055.425312,4891583055.425314,1.0000000000000004
160506,95,Perú,Loreto,Requena,Puinahua,"LEVEL_4,LEVEL_3,LEVEL_2,LEVEL_1",INEI,2023,1305,[Puinahua][Requena][Loreto][Perú],POLITICAL_LEVEL_4,6281096682.979538,6281096682.979533,0.9999999999999992
160507,95,Perú,Loreto,Requena,Saquena,"LEVEL_4,LEVEL_3,LEVEL_2,LEVEL_1",INEI,2023,1306,[Saquena][Requena][Loreto][Perú],POLITICAL_LEVEL_4,2595485363.296788,2595485363.296786,0.9999999999999991
160508,95,Perú,Loreto,Requena,Soplin,"LEVEL_4,LEVEL_3,LEVEL_2,LEVEL_1",INEI,2023,1307,[Soplin][Requena][Loreto][Perú],POLITICAL_LEVEL_4,4696347251.440507,4696347251.440486,0.9999999999999956
160102,95,Perú,Loreto,Maynas,Alto Nanay,"LEVEL_4,LEVEL_3,LEVEL_2,LEVEL_1",INEI,2023,1308,[Alto Nanay][Maynas][Loreto][Perú],POLITICAL_LEVEL_4,14554289292.506365,14554289292.506386,1.0000000000000013
160103,95,Perú,Loreto,Maynas,Fernando Lores,"LEVEL_4,LEVEL_3,LEVEL_2,LEVEL_1",INEI,2023,1309,[Fernando Lores][Maynas][Loreto][Perú],POLITICAL_LEVEL_4,4569238403.724516,4569238403.724509,0.9999999999999986
160104,95,Perú,Loreto,Maynas,Indiana,"LEVEL_4,LEVEL_3,LEVEL_2,LEVEL_1",INEI,2023,1310,[Indiana][Maynas][Loreto][Perú],POLITICAL_LEVEL_4,3367588580.0036182,3367588580.0036206,1.0000000000000007
160105,95,Perú,Loreto,Maynas,Las Amazonas,"LEVEL_4,LEVEL_3,LEVEL_2,LEVEL_1",INEI,2023,1311,[Las Amazonas][Maynas][Loreto][Perú],POLITICAL_LEVEL_4,6726801596.313293,6726801596.313279,0.9999999999999979
160106,95,Perú,Loreto,Maynas,Mazan,"LEVEL_4,LEVEL_3,LEVEL_2,LEVEL_1",INEI,2023,1312,[Mazan][Maynas][Loreto][Perú],POLITICAL_LEVEL_4,10051446041.102882,10051446041.102943,1.000000000000006
160202,95,Perú,Loreto,Alto Amazonas,Balsapuerto,"LEVEL_4,LEVEL_3,LEVEL_2,LEVEL_1",INEI,2023,1313,[Balsapuerto][Alto Amazonas][Loreto][Perú],POLITICAL_LEVEL_4,3003728480.788007,3003728480.788008,1.0000000000000004
160205,95,Perú,Loreto,Alto Amazonas,Jeberos,"LEVEL_4,LEVEL_3,LEVEL_2,LEVEL_1",INEI,2023,1314,[Jeberos][Alto Amazonas][Loreto][Perú],POLITICAL_LEVEL_4,4345001022.22441,4345001022.224404,0.9999999999999987
160206,95,Perú,Loreto,Alto Amazonas,Lagunas,"LEVEL_4,LEVEL_3,LEVEL_2,LEVEL_1",INEI,2023,1315,[Lagunas][Alto Amazonas][Loreto][Perú],POLITICAL_LEVEL_4,6056455317.810314,6056455317.810361,1.0000000000000078
160210,95,Perú,Loreto,Alto Amazonas,Santa Cruz,"LEVEL_4,LEVEL_3,LEVEL_2,LEVEL_1",INEI,2023,1316,[Santa Cruz][Alto Amazonas][Loreto][Perú],POLITICAL_LEVEL_4,2270006156.4646816,2270006156.464688,1.0000000000000027
160211,95,Perú,Loreto,Alto Amazonas,Teniente Cesar Lopez Rojas,"LEVEL_4,LEVEL_3,LEVEL_2,LEVEL_1",INEI,2023,1317,[Teniente Cesar Lopez Rojas][Alto Amazonas][Loreto][Perú],POLITICAL_LEVEL_4,1319771155.5531402,1319771155.5531437,1.0000000000000027
160302,95,Perú,Loreto,Loreto,Parinari,"LEVEL_4,LEVEL_3,LEVEL_2,LEVEL_1",INEI,2023,1318,[Parinari][Loreto][Loreto][Perú],POLITICAL_LEVEL_4,13212447143.132282,13212447143.132305,1.0000000000000018
160305,95,Perú,Loreto,Loreto,Urarinas,"LEVEL_4,LEVEL_3,LEVEL_2,LEVEL_1",INEI,2023,1319,[Urarinas][Loreto][Loreto][Perú],POLITICAL_LEVEL_4,15765837223.609077,15765837223.609112,1.0000000000000022
160402,95,Perú,Loreto,Mariscal Ramon Castilla,Pebas,"LEVEL_4,LEVEL_3,LEVEL_2,LEVEL_1",INEI,2023,1320,[Pebas][Mariscal Ramon Castilla][Loreto][Perú],POLITICAL_LEVEL_4,11254518528.087368,11254518528.087355,0.9999999999999988
160404,95,Perú,Loreto,Mariscal Ramon Castilla,San Pablo,"LEVEL_4,LEVEL_3,LEVEL_2,LEVEL_1",INEI,2023,1321,[San Pablo][Mariscal Ramon Castilla][Loreto][Perú],POLITICAL_LEVEL_4,5099105621.056181,5099105621.056186,1.0000000000000009
160509,95,Perú,Loreto,Requena,Tapiche,"LEVEL_4,LEVEL_3,LEVEL_2,LEVEL_1",INEI,2023,1322,[Tapiche][Requena][Loreto][Perú],POLITICAL_LEVEL_4,2090123542.8171842,2090123542.8171833,0.9999999999999996
160510,95,Perú,Loreto,Requena,Jenaro Herrera,"LEVEL_4,LEVEL_3,LEVEL_2,LEVEL_1",INEI,2023,1323,[Jenaro Herrera][Requena][Loreto][Perú],POLITICAL_LEVEL_4,1160081785.1919658,1160081785.1919658,1.0
220705,95,Perú,San Martin,Picota,Pucacaca,"LEVEL_4,LEVEL_3,LEVEL_2,LEVEL_1",INEI,2023,1324,[Pucacaca][Picota][San Martin][Perú],POLITICAL_LEVEL_4,202903579.04373014,202903579.04373026,1.0000000000000007
220205,95,Perú,San Martin,Bellavista,San Pablo,"LEVEL_4,LEVEL_3,LEVEL_2,LEVEL_1",INEI,2023,1325,[San Pablo][Bellavista][San Martin][Perú],POLITICAL_LEVEL_4,347995171.20809126,347995171.20809174,1.0000000000000013
220710,95,Perú,San Martin,Picota,Tres Unidos,"LEVEL_4,LEVEL_3,LEVEL_2,LEVEL_1",INEI,2023,1326,[Tres Unidos][Picota][San Martin][Perú],POLITICAL_LEVEL_4,370367666.2351454,370367666.23514575,1.0000000000000009
220304,95,Perú,San Martin,El Dorado,Santa Rosa,"LEVEL_4,LEVEL_3,LEVEL_2,LEVEL_1",INEI,2023,1327,[Santa Rosa][El Dorado][San Martin][Perú],POLITICAL_LEVEL_4,249213680.58880296,249213680.58880296,1.0
220702,95,Perú,San Martin,Picota,Buenos Aires,"LEVEL_4,LEVEL_3,LEVEL_2,LEVEL_1",INEI,2023,1328,[Buenos Aires][Picota][San Martin][Perú],POLITICAL_LEVEL_4,311178535.88157827,311178535.88157797,0.999999999999999
220302,95,Perú,San Martin,El Dorado,Agua Blanca,"LEVEL_4,LEVEL_3,LEVEL_2,LEVEL_1",INEI,2023,1329,[Agua Blanca][El Dorado][San Martin][Perú],POLITICAL_LEVEL_4,152651187.65342048,152651187.65342048,1.0
220908,95,Perú,San Martin,San Martin,Juan Guerra,"LEVEL_4,LEVEL_3,LEVEL_2,LEVEL_1",INEI,2023,1330,[Juan Guerra][San Martin][San Martin][Perú],POLITICAL_LEVEL_4,192117987.2777906,192117987.2777907,1.0000000000000004
220511,95,Perú,San Martin,Lamas,Zapatero,"LEVEL_4,LEVEL_3,LEVEL_2,LEVEL_1",INEI,2023,1331,[Zapatero][Lamas][San Martin][Perú],POLITICAL_LEVEL_4,174400958.98455688,174400958.98455712,1.0000000000000013
220305,95,Perú,San Martin,El Dorado,Shatoja,"LEVEL_4,LEVEL_3,LEVEL_2,LEVEL_1",INEI,2023,1332,[Shatoja][El Dorado][San Martin][Perú],POLITICAL_LEVEL_4,62020345.00066302,62020345.000663035,1.0000000000000002
220914,95,Perú,San Martin,San Martin,Shapaja,"LEVEL_4,LEVEL_3,LEVEL_2,LEVEL_1",INEI,2023,1333,[Shapaja][San Martin][San Martin][Perú],POLITICAL_LEVEL_4,237667844.02904293,237667844.0290428,0.9999999999999994
220505,95,Perú,San Martin,Lamas,Cuñumbuqui,"LEVEL_4,LEVEL_3,LEVEL_2,LEVEL_1",INEI,2023,1334,[Cuñumbuqui][Lamas][San Martin][Perú],POLITICAL_LEVEL_4,182047971.86202258,182047971.86202243,0.9999999999999992
220904,95,Perú,San Martin,San Martin,Chazuta,"LEVEL_4,LEVEL_3,LEVEL_2,LEVEL_1",INEI,2023,1335,[Chazuta][San Martin][San Martin][Perú],POLITICAL_LEVEL_4,951766976.9406929,951766976.940693,1.0000000000000002
220402,95,Perú,San Martin,Huallaga,Alto Saposoa,"LEVEL_4,LEVEL_3,LEVEL_2,LEVEL_1",INEI,2023,1336,[Alto Saposoa][Huallaga][San Martin][Perú],POLITICAL_LEVEL_4,1378687279.8804302,1378687279.8804286,0.9999999999999988
220303,95,Perú,San Martin,El Dorado,San Martin,"LEVEL_4,LEVEL_3,LEVEL_2,LEVEL_1",INEI,2023,1337,[San Martin][El Dorado][San Martin][Perú],POLITICAL_LEVEL_4,520724703.5073091,520724703.50730973,1.0000000000000013
220501,95,Perú,San Martin,Lamas,Lamas,"LEVEL_4,LEVEL_3,LEVEL_2,LEVEL_1",INEI,2023,1338,[Lamas][Lamas][San Martin][Perú],POLITICAL_LEVEL_4,129420429.1293522,129420429.12935221,1.0000000000000002
220509,95,Perú,San Martin,Lamas,Shanao,"LEVEL_4,LEVEL_3,LEVEL_2,LEVEL_1",INEI,2023,1339,[Shanao][Lamas][San Martin][Perú],POLITICAL_LEVEL_4,24347695.206635427,24347695.206635423,0.9999999999999999
220907,95,Perú,San Martin,San Martin,Huimbayoc,"LEVEL_4,LEVEL_3,LEVEL_2,LEVEL_1",INEI,2023,1340,[Huimbayoc][San Martin][San Martin][Perú],POLITICAL_LEVEL_4,1712957314.2215712,1712957314.2215698,0.9999999999999991
220510,95,Perú,San Martin,Lamas,Tabalosos,"LEVEL_4,LEVEL_3,LEVEL_2,LEVEL_1",INEI,2023,1341,[Tabalosos][Lamas][San Martin][Perú],POLITICAL_LEVEL_4,361962382.8856757,361962382.8856762,1.0000000000000013
220502,95,Perú,San Martin,Lamas,Alonso De Alvarado,"LEVEL_4,LEVEL_3,LEVEL_2,LEVEL_1",INEI,2023,1342,[Alonso De Alvarado][Lamas][San Martin][Perú],POLITICAL_LEVEL_4,296287671.4129445,296287671.4129447,1.0000000000000007
220905,95,Perú,San Martin,San Martin,Chipurana,"LEVEL_4,LEVEL_3,LEVEL_2,LEVEL_1",INEI,2023,1343,[Chipurana][San Martin][San Martin][Perú],POLITICAL_LEVEL_4,306064626.0156984,306064626.01569843,1.0000000000000002
220504,95,Perú,San Martin,Lamas,Caynarachi,"LEVEL_4,LEVEL_3,LEVEL_2,LEVEL_1",INEI,2023,1344,[Caynarachi][Lamas][San Martin][Perú],POLITICAL_LEVEL_4,1271361142.2880552,1271361142.288053,0.9999999999999983
220911,95,Perú,San Martin,San Martin,Papaplaya,"LEVEL_4,LEVEL_3,LEVEL_2,LEVEL_1",INEI,2023,1345,[Papaplaya][San Martin][San Martin][Perú],POLITICAL_LEVEL_4,989961861.7611417,989961861.761144,1.0000000000000024
220503,95,Perú,San Martin,Lamas,Barranquita,"LEVEL_4,LEVEL_3,LEVEL_2,LEVEL_1",INEI,2023,1346,[Barranquita][Lamas][San Martin][Perú],POLITICAL_LEVEL_4,1056973225.1783882,1056973225.1783864,0.9999999999999983
220506,95,Perú,San Martin,Lamas,Pinto Recodo,"LEVEL_4,LEVEL_3,LEVEL_2,LEVEL_1",INEI,2023,1347,[Pinto Recodo][Lamas][San Martin][Perú],POLITICAL_LEVEL_4,559757124.7735518,559757124.773553,1.0000000000000022
220906,95,Perú,San Martin,San Martin,El Porvenir,"LEVEL_4,LEVEL_3,LEVEL_2,LEVEL_1",INEI,2023,1348,[El Porvenir][San Martin][San Martin][Perú],POLITICAL_LEVEL_4,489310678.5861712,489310678.5861709,0.9999999999999994
220808,95,Perú,San Martin,Rioja,Yorongos,"LEVEL_4,LEVEL_3,LEVEL_2,LEVEL_1",INEI,2023,1349,[Yorongos][Rioja][San Martin][Perú],POLITICAL_LEVEL_4,81806435.31677805,81806435.31677808,1.0000000000000004
220104,95,Perú,San Martin,Moyobamba,Jepelacio,"LEVEL_4,LEVEL_3,LEVEL_2,LEVEL_1",INEI,2023,1350,[Jepelacio][Moyobamba][San Martin][Perú],POLITICAL_LEVEL_4,386196846.89082146,386196846.89082205,1.0000000000000016
220508,95,Perú,San Martin,Lamas,San Roque De Cumbaza,"LEVEL_4,LEVEL_3,LEVEL_2,LEVEL_1",INEI,2023,1351,[San Roque De Cumbaza][Lamas][San Martin][Perú],POLITICAL_LEVEL_4,652142571.7019359,652142571.7019366,1.000000000000001
060805,95,Perú,Cajamarca,Jaen,Huabal,"LEVEL_4,LEVEL_3,LEVEL_2,LEVEL_1",INEI,2023,1376,[Huabal][Jaen][Cajamarca][Perú],POLITICAL_LEVEL_4,85146919.83485992,82966437.78436041,0.9743915334256542
060806,95,Perú,Cajamarca,Jaen,Las Pirias,"LEVEL_4,LEVEL_3,LEVEL_2,LEVEL_1",INEI,2023,1405,[Las Pirias][Jaen][Cajamarca][Perú],POLITICAL_LEVEL_4,65532553.36455095,64976943.83801855,0.9915216255432381
010101,95,Perú,Amazonas,Chachapoyas,Chachapoyas,"LEVEL_4,LEVEL_3,LEVEL_2,LEVEL_1",INEI,2023,1453,[Chachapoyas][Chachapoyas][Amazonas][Perú],POLITICAL_LEVEL_4,153388974.57442105,153388974.574421,0.9999999999999996
010401,95,Perú,Amazonas,Condorcanqui,Nieva,"LEVEL_4,LEVEL_3,LEVEL_2,LEVEL_1",INEI,2023,1455,[Nieva][Condorcanqui][Amazonas][Perú],POLITICAL_LEVEL_4,4190023558.6790595,4190023558.6790614,1.0000000000000004
010702,95,Perú,Amazonas,Utcubamba,Cajaruro,"LEVEL_4,LEVEL_3,LEVEL_2,LEVEL_1",INEI,2023,1457,[Cajaruro][Utcubamba][Amazonas][Perú],POLITICAL_LEVEL_4,1802875833.4688742,1713650711.553118,0.9505095579743392
220910,95,Perú,San Martin,San Martin,Morales,"LEVEL_4,LEVEL_3,LEVEL_2,LEVEL_1",INEI,2023,1463,[Morales][San Martin][San Martin][Perú],POLITICAL_LEVEL_4,50671735.09865711,50671735.098657124,1.0000000000000002
221001,95,Perú,San Martin,Tocache,Tocache,"LEVEL_4,LEVEL_3,LEVEL_2,LEVEL_1",INEI,2023,1473,[Tocache][Tocache][San Martin][Perú],POLITICAL_LEVEL_4,1006466128.3797175,1005763231.3116723,0.9993016187547447
060907,95,Perú,Cajamarca,San Ignacio,Tabaconas,"LEVEL_4,LEVEL_3,LEVEL_2,LEVEL_1",INEI,2023,1481,[Tabaconas][San Ignacio][Cajamarca][Perú],POLITICAL_LEVEL_4,776174346.2663141,776174346.2663112,0.9999999999999961
080901,95,Perú,Cusco,La Convencion,Santa Ana,"LEVEL_4,LEVEL_3,LEVEL_2,LEVEL_1",INEI,2023,1493,[Santa Ana][La Convencion][Cusco][Perú],POLITICAL_LEVEL_4,391795245.9520711,381441001.01043475,0.9735723058188843
080910,95,Perú,Cusco,La Convencion,Pichari,"LEVEL_4,LEVEL_3,LEVEL_2,LEVEL_1",INEI,2023,1494,[Pichari][La Convencion][Cusco][Perú],POLITICAL_LEVEL_4,505814390.61144966,505814390.6114507,1.000000000000002
100601,95,Perú,Huanuco,Leoncio Prado,Rupa-Rupa,"LEVEL_4,LEVEL_3,LEVEL_2,LEVEL_1",INEI,2023,1532,[Rupa-Rupa][Leoncio Prado][Huanuco][Perú],POLITICAL_LEVEL_4,260530149.80767208,260530149.80767214,1.0000000000000002
100604,95,Perú,Huanuco,Leoncio Prado,Jose Crespo Y Castillo,"LEVEL_4,LEVEL_3,LEVEL_2,LEVEL_1",INEI,2023,1533,[Jose Crespo Y Castillo][Leoncio Prado][Huanuco][Perú],POLITICAL_LEVEL_4,1501642958.7930806,1501642958.7930748,0.9999999999999962
100606,95,Perú,Huanuco,Leoncio Prado,Mariano Damaso Beraun,"LEVEL_4,LEVEL_3,LEVEL_2,LEVEL_1",INEI,2023,1534,[Mariano Damaso Beraun][Leoncio Prado][Huanuco][Perú],POLITICAL_LEVEL_4,746176335.3545024,745045615.837648,0.9984846483823194
100608,95,Perú,Huanuco,Leoncio Prado,Castillo Grande,"LEVEL_4,LEVEL_3,LEVEL_2,LEVEL_1",INEI,2023,1535,[Castillo Grande][Leoncio Prado][Huanuco][Perú],POLITICAL_LEVEL_4,104312075.55059184,104312075.55059204,1.0000000000000018
120302,95,Perú,Junin,Chanchamayo,Perene,"LEVEL_4,LEVEL_3,LEVEL_2,LEVEL_1",INEI,2023,1552,[Perene][Chanchamayo][Junin][Perú],POLITICAL_LEVEL_4,1490023593.8218844,1443356907.9133976,0.9686805725077228
120303,95,Perú,Junin,Chanchamayo,Pichanaqui,"LEVEL_4,LEVEL_3,LEVEL_2,LEVEL_1",INEI,2023,1553,[Pichanaqui][Chanchamayo][Junin][Perú],POLITICAL_LEVEL_4,1242381349.1083605,1188904276.7002416,0.9569559922591411
120601,95,Perú,Junin,Satipo,Satipo,"LEVEL_4,LEVEL_3,LEVEL_2,LEVEL_1",INEI,2023,1557,[Satipo][Satipo][Junin][Perú],POLITICAL_LEVEL_4,815077689.8883919,815077689.8883939,1.0000000000000024
120604,95,Perú,Junin,Satipo,Mazamari,"LEVEL_4,LEVEL_3,LEVEL_2,LEVEL_1",INEI,2023,1558,[Mazamari][Satipo][Junin][Perú],POLITICAL_LEVEL_4,1258045589.2779899,1258045589.277994,1.0000000000000033
120607,95,Perú,Junin,Satipo,Rio Negro,"LEVEL_4,LEVEL_3,LEVEL_2,LEVEL_1",INEI,2023,1560,[Rio Negro][Satipo][Junin][Perú],POLITICAL_LEVEL_4,488129677.6295438,488129677.6295435,0.9999999999999994
120608,95,Perú,Junin,Satipo,Rio Tambo,"LEVEL_4,LEVEL_3,LEVEL_2,LEVEL_1",INEI,2023,1561,[Rio Tambo][Satipo][Junin][Perú],POLITICAL_LEVEL_4,10209912281.380043,10209912281.380007,0.9999999999999964
160108,95,Perú,Loreto,Maynas,Punchana,"LEVEL_4,LEVEL_3,LEVEL_2,LEVEL_1",INEI,2023,1601,[Punchana][Maynas][Loreto][Perú],POLITICAL_LEVEL_4,1602845830.5776987,1602845830.5776987,1.0
160112,95,Perú,Loreto,Maynas,Belen,"LEVEL_4,LEVEL_3,LEVEL_2,LEVEL_1",INEI,2023,1602,[Belen][Maynas][Loreto][Perú],POLITICAL_LEVEL_4,653025743.9860028,653025743.9860042,1.0000000000000022
160113,95,Perú,Loreto,Maynas,San Juan Bautista,"LEVEL_4,LEVEL_3,LEVEL_2,LEVEL_1",INEI,2023,1603,[San Juan Bautista][Maynas][Loreto][Perú],POLITICAL_LEVEL_4,3199904976.8924184,3199904976.8924317,1.0000000000000042
160201,95,Perú,Loreto,Alto Amazonas,Yurimaguas,"LEVEL_4,LEVEL_3,LEVEL_2,LEVEL_1",INEI,2023,1604,[Yurimaguas][Alto Amazonas][Loreto][Perú],POLITICAL_LEVEL_4,2234637247.198644,2234637247.1986465,1.000000000000001
160301,95,Perú,Loreto,Loreto,Nauta,"LEVEL_4,LEVEL_3,LEVEL_2,LEVEL_1",INEI,2023,1605,[Nauta][Loreto][Loreto][Perú],POLITICAL_LEVEL_4,6758162496.958179,6758162496.958183,1.0000000000000007
160501,95,Perú,Loreto,Requena,Requena,"LEVEL_4,LEVEL_3,LEVEL_2,LEVEL_1",INEI,2023,1606,[Requena][Requena][Loreto][Perú],POLITICAL_LEVEL_4,3072981707.2228947,3072981707.2228913,0.9999999999999989
160601,95,Perú,Loreto,Ucayali,Contamana,"LEVEL_4,LEVEL_3,LEVEL_2,LEVEL_1",INEI,2023,1607,[Contamana][Ucayali][Loreto][Perú],POLITICAL_LEVEL_4,11003035429.161108,11003035429.1611,0.9999999999999993
160101,95,Perú,Loreto,Maynas,Iquitos,"LEVEL_4,LEVEL_3,LEVEL_2,LEVEL_1",INEI,2023,1622,[Iquitos][Maynas][Loreto][Perú],POLITICAL_LEVEL_4,366913570.49386233,366913570.49386233,1.0
190306,95,Perú,Pasco,Oxapampa,Puerto Bermudez,"LEVEL_4,LEVEL_3,LEVEL_2,LEVEL_1",INEI,2023,1630,[Puerto Bermudez][Oxapampa][Pasco][Perú],POLITICAL_LEVEL_4,7672276298.702021,7672276298.702026,1.0000000000000007
220101,95,Perú,San Martin,Moyobamba,Moyobamba,"LEVEL_4,LEVEL_3,LEVEL_2,LEVEL_1",INEI,2023,1646,[Moyobamba][Moyobamba][San Martin][Perú],POLITICAL_LEVEL_4,2699074096.2939487,2699074096.293937,0.9999999999999958
220105,95,Perú,San Martin,Moyobamba,Soritor,"LEVEL_4,LEVEL_3,LEVEL_2,LEVEL_1",INEI,2023,1647,[Soritor][Moyobamba][San Martin][Perú],POLITICAL_LEVEL_4,583692442.1759531,583692442.1759521,0.9999999999999981
220601,95,Perú,San Martin,Mariscal Caceres,Juanjui,"LEVEL_4,LEVEL_3,LEVEL_2,LEVEL_1",INEI,2023,1648,[Juanjui][Mariscal Caceres][San Martin][Perú],POLITICAL_LEVEL_4,447691909.6028438,447691909.602844,1.0000000000000004
220801,95,Perú,San Martin,Rioja,Rioja,"LEVEL_4,LEVEL_3,LEVEL_2,LEVEL_1",INEI,2023,1649,[Rioja][Rioja][San Martin][Perú],POLITICAL_LEVEL_4,209083203.37113512,209083203.3711351,0.9999999999999999
220803,95,Perú,San Martin,Rioja,Elias Soplin Vargas,"LEVEL_4,LEVEL_3,LEVEL_2,LEVEL_1",INEI,2023,1650,[Elias Soplin Vargas][Rioja][San Martin][Perú],POLITICAL_LEVEL_4,169464600.57512116,169464600.57512107,0.9999999999999994
220804,95,Perú,San Martin,Rioja,Nueva Cajamarca,"LEVEL_4,LEVEL_3,LEVEL_2,LEVEL_1",INEI,2023,1651,[Nueva Cajamarca][Rioja][San Martin][Perú],POLITICAL_LEVEL_4,334307037.61015224,334307037.6101525,1.0000000000000007
220901,95,Perú,San Martin,San Martin,Tarapoto,"LEVEL_4,LEVEL_3,LEVEL_2,LEVEL_1",INEI,2023,1652,[Tarapoto][San Martin][San Martin][Perú],POLITICAL_LEVEL_4,58455467.12269591,58455467.12269597,1.000000000000001
220909,95,Perú,San Martin,San Martin,La Banda De Shilcayo,"LEVEL_4,LEVEL_3,LEVEL_2,LEVEL_1",INEI,2023,1653,[La Banda De Shilcayo][San Martin][San Martin][Perú],POLITICAL_LEVEL_4,266551024.81821647,266551024.81821615,0.9999999999999988
250102,95,Perú,Ucayali,Coronel Portillo,Campoverde,"LEVEL_4,LEVEL_3,LEVEL_2,LEVEL_1",INEI,2023,1656,[Campoverde][Coronel Portillo][Ucayali][Perú],POLITICAL_LEVEL_4,1324676230.90118,1324676230.9011831,1.0000000000000024
250105,95,Perú,Ucayali,Coronel Portillo,Yarinacocha,"LEVEL_4,LEVEL_3,LEVEL_2,LEVEL_1",INEI,2023,1657,[Yarinacocha][Coronel Portillo][Ucayali][Perú],POLITICAL_LEVEL_4,661183531.8305744,661183531.830574,0.9999999999999994
250107,95,Perú,Ucayali,Coronel Portillo,Manantay,"LEVEL_4,LEVEL_3,LEVEL_2,LEVEL_1",INEI,2023,1658,[Manantay][Coronel Portillo][Ucayali][Perú],POLITICAL_LEVEL_4,644506287.1740797,644506287.1740788,0.9999999999999987
250201,95,Perú,Ucayali,Atalaya,Raimondi,"LEVEL_4,LEVEL_3,LEVEL_2,LEVEL_1",INEI,2023,1659,[Raimondi][Atalaya][Ucayali][Perú],POLITICAL_LEVEL_4,14539205149.323824,14539205149.32391,1.000000000000006
250301,95,Perú,Ucayali,Padre Abad,Padre Abad,"LEVEL_4,LEVEL_3,LEVEL_2,LEVEL_1",INEI,2023,1660,[Padre Abad][Padre Abad][Ucayali][Perú],POLITICAL_LEVEL_4,3573620500.2163963,3573620500.2163873,0.9999999999999974
010205,95,Perú,Amazonas,Bagua,Imaza,"LEVEL_4,LEVEL_3,LEVEL_2,LEVEL_1",INEI,2023,1670,[Imaza][Bagua][Amazonas][Perú],POLITICAL_LEVEL_4,4596615070.372945,4596615069.144714,0.9999999997327967
010402,95,Perú,Amazonas,Nieva,El Cenepa,"LEVEL_4,LEVEL_3,LEVEL_2,LEVEL_1",INEI,2023,1671,[El Cenepa][Nieva][Amazonas][Perú],POLITICAL_LEVEL_4,5624276497.022185,5624276487.959637,0.999999998388673
010403,95,Perú,Amazonas,Nieva,Rio Santiago,"LEVEL_4,LEVEL_3,LEVEL_2,LEVEL_1",INEI,2023,1672,[Rio Santiago][Nieva][Amazonas][Perú],POLITICAL_LEVEL_4,8086719657.166584,8086719652.886641,0.9999999994707441
160704,95,Perú,Loreto,Datem del Marañón,Morona,"LEVEL_4,LEVEL_3,LEVEL_2,LEVEL_1",INEI,2023,1673,[Morona][Datem del Marañón][Loreto][Perú],POLITICAL_LEVEL_4,11037607807.230951,11037607799.47937,0.9999999992977119
160706,95,Perú,Loreto,Datem del Marañón,Andoas,"LEVEL_4,LEVEL_3,LEVEL_2,LEVEL_1",INEI,2023,1674,[Andoas][Datem del Marañón][Loreto][Perú],POLITICAL_LEVEL_4,11787577636.617155,11787577631.033447,0.9999999995263057
160304,95,Perú,Loreto,Loreto,Trompeteros,"LEVEL_4,LEVEL_3,LEVEL_2,LEVEL_1",INEI,2023,1675,[Trompeteros][Loreto][Loreto][Perú],POLITICAL_LEVEL_4,12567310475.350338,12567310474.904177,0.9999999999644983
160303,95,Perú,Loreto,Loreto,Tigre,"LEVEL_4,LEVEL_3,LEVEL_2,LEVEL_1",INEI,2023,1676,[Tigre][Loreto][Loreto][Perú],POLITICAL_LEVEL_4,20118548825.087914,20118548822.057755,0.9999999998493848
160107,95,Perú,Loreto,Maynas,Napo,"LEVEL_4,LEVEL_3,LEVEL_2,LEVEL_1",INEI,2023,1677,[Napo][Maynas][Loreto][Perú],POLITICAL_LEVEL_4,24165312655.672836,24165312651.415485,0.9999999998238239
160110,95,Perú,Loreto,Maynas,Torres Causana,"LEVEL_4,LEVEL_3,LEVEL_2,LEVEL_1",INEI,2023,1678,[Torres Causana][Maynas][Loreto][Perú],POLITICAL_LEVEL_4,6920688454.353122,6920688450.603975,0.9999999994582697
160803,95,Perú,Loreto,Putumayo,Teniente Manuel Clavero,"LEVEL_4,LEVEL_3,LEVEL_2,LEVEL_1",INEI,2023,1679,[Teniente Manuel Clavero][Putumayo][Loreto][Perú],POLITICAL_LEVEL_4,9617817332.176228,9617817311.424973,0.9999999978424153
160802,95,Perú,Loreto,Putumayo,Rosa Panduro,"LEVEL_4,LEVEL_3,LEVEL_2,LEVEL_1",INEI,2023,1680,[Rosa Panduro][Putumayo][Loreto][Perú],POLITICAL_LEVEL_4,7164461768.233698,7164461763.900909,0.9999999993952388
160801,95,Perú,Loreto,Putumayo,Putumayo,"LEVEL_4,LEVEL_3,LEVEL_2,LEVEL_1",INEI,2023,1681,[Putumayo][Putumayo][Loreto][Perú],POLITICAL_LEVEL_4,11059619973.156187,11059619956.953243,0.9999999985349457
160804,95,Perú,Loreto,Putumayo,Yaguas,"LEVEL_4,LEVEL_3,LEVEL_2,LEVEL_1",INEI,2023,1682,[Yaguas][Putumayo][Loreto][Perú],POLITICAL_LEVEL_4,18051415518.50526,18051415498.462513,0.9999999988896856
160401,95,Perú,Loreto,Mariscal Ramón Castilla,Ramon Castilla,"LEVEL_4,LEVEL_3,LEVEL_2,LEVEL_1",INEI,2023,1683,[Ramon Castilla][Mariscal Ramón Castilla][Loreto][Perú],POLITICAL_LEVEL_4,6911149419.399196,6911130065.297744,0.9999971995828367
160403,95,Perú,Loreto,Mariscal Ramón Castilla,Yavari,"LEVEL_4,LEVEL_3,LEVEL_2,LEVEL_1",INEI,2023,1684,[Yavari][Mariscal Ramón Castilla][Loreto][Perú],POLITICAL_LEVEL_4,14370274882.559977,14370274867.62014,0.9999999989603653
160511,95,Perú,Loreto,Requena,Yaquerana,"LEVEL_4,LEVEL_3,LEVEL_2,LEVEL_1",INEI,2023,1685,[Yaquerana][Requena][Loreto][Perú],POLITICAL_LEVEL_4,11049498028.138107,11049498018.465992,0.9999999991246556
160502,95,Perú,Loreto,Requena,Alto Tapiche,"LEVEL_4,LEVEL_3,LEVEL_2,LEVEL_1",INEI,2023,1686,[Alto Tapiche][Requena][Loreto][Perú],POLITICAL_LEVEL_4,9063685710.959526,9063685709.149767,0.9999999998003286
250101,95,Perú,Ucayali,Coronel Portillo,Calleria,"LEVEL_4,LEVEL_3,LEVEL_2,LEVEL_1",INEI,2023,1687,[Calleria][Coronel Portillo][Ucayali][Perú],POLITICAL_LEVEL_4,11652286242.95994,11652286238.093443,0.9999999995823569
250104,95,Perú,Ucayali,Coronel Portillo,Masisea,"LEVEL_4,LEVEL_3,LEVEL_2,LEVEL_1",INEI,2023,1688,[Masisea][Coronel Portillo][Ucayali][Perú],POLITICAL_LEVEL_4,14710269091.346811,14710269086.6059,0.9999999996777141
250204,95,Perú,Ucayali,Atalaya,Yurua,"LEVEL_4,LEVEL_3,LEVEL_2,LEVEL_1",INEI,2023,1689,[Yurua][Atalaya][Ucayali][Perú],POLITICAL_LEVEL_4,9036898452.286495,9036898440.463362,0.9999999986916824
170303,95,Perú,Madre de Dios,Tahuamanu,Tahuamanu,"LEVEL_4,LEVEL_3,LEVEL_2,LEVEL_1",INEI,2023,1690,[Tahuamanu][Tahuamanu][Madre de Dios][Perú],POLITICAL_LEVEL_4,3511755833.105038,3511755833.105041,1.0000000000000009
170103,95,Perú,Madre de Dios,Tambopata,Las Piedras,"LEVEL_4,LEVEL_3,LEVEL_2,LEVEL_1",INEI,2023,1691,[Las Piedras][Tambopata][Madre de Dios][Perú],POLITICAL_LEVEL_4,7815550579.297324,7815550578.763079,0.9999999999316432
211210,95,Perú,Puno,Sandia,San Pedro De Putina Punco,"LEVEL_4,LEVEL_3,LEVEL_2,LEVEL_1",INEI,2023,1692,[San Pedro De Putina Punco][Sandia][Puno][Perú],POLITICAL_LEVEL_4,5590093212.385744,5590093208.414122,0.9999999992895249
211207,95,Perú,Puno,Sandia,San Juan Del Oro,"LEVEL_4,LEVEL_3,LEVEL_2,LEVEL_1",INEI,2023,1693,[San Juan Del Oro][Sandia][Puno][Perú],POLITICAL_LEVEL_4,203592927.0262266,203592926.9727947,0.9999999997375553
211208,95,Perú,Puno,Sandia,Yanahuaya,"LEVEL_4,LEVEL_3,LEVEL_2,LEVEL_1",INEI,2023,1694,[Yanahuaya][Sandia][Puno][Perú],POLITICAL_LEVEL_4,651539349.2352272,636074361.9681393,0.9762639243735001
060901,95,Perú,Cajamarca,San Ignacio,San Ignacio,"LEVEL_4,LEVEL_3,LEVEL_2,LEVEL_1",INEI,2023,1822,[San Ignacio][San Ignacio][Cajamarca][Perú],POLITICAL_LEVEL_4,357589588.12342435,357589588.0117642,0.9999999996877422
060905,95,Perú,Cajamarca,San Ignacio,Namballe,"LEVEL_4,LEVEL_3,LEVEL_2,LEVEL_1",INEI,2023,1823,[Namballe][San Ignacio][Cajamarca][Perú],POLITICAL_LEVEL_4,635767579.47702,635767578.784338,0.9999999989104792
060906,95,Perú,Cajamarca,San Ignacio,San Jose de Lourdes,"LEVEL_4,LEVEL_3,LEVEL_2,LEVEL_1",INEI,2023,1825,[San Jose de Lourdes][San Ignacio][Cajamarca][Perú],POLITICAL_LEVEL_4,1364707537.06458,1364707534.253717,0.9999999979403184
060903,95,Perú,Cajamarca,San Ignacio,Huarango,"LEVEL_4,LEVEL_3,LEVEL_2,LEVEL_1",INEI,2023,1826,[Huarango][San Ignacio][Cajamarca][Perú],POLITICAL_LEVEL_4,910739544.2212667,910696312.689773,0.9999525313995993
170101,95,Perú,Madre de Dios,Tambopata,Tambopata,"LEVEL_4,LEVEL_3,LEVEL_2,LEVEL_1",INEI,2023,1829,[Tambopata][Tambopata][Madre de Dios][Perú],POLITICAL_LEVEL_4,20838610819.957836,20838610817.184258,0.9999999998669019
170301,95,Perú,Madre de Dios,Tahuamanu,Iñapari,"LEVEL_4,LEVEL_3,LEVEL_2,LEVEL_1",INEI,2023,1830,[Iñapari][Tahuamanu][Madre de Dios][Perú],POLITICAL_LEVEL_4,13829974597.286995,13829969584.532196,0.9999996375441789
250401,95,Perú,Ucayali,Purus,Purus,"LEVEL_4,LEVEL_3,LEVEL_2,LEVEL_1",INEI,2023,1831,[Purus][Purus][Ucayali][Perú],POLITICAL_LEVEL_4,18469728413.728767,18469728364.13526,0.9999999973148763
